Date,NASDAK
2006/1/23,"2,248.47"
2006/1/24,"2,265.25"
2006/1/25,"2,260.65"
2006/1/26,"2,283.00"
2006/1/27,"2,304.23"
2006/1/30,"2,306.78"
2006/1/31,"2,305.82"
2006/2/1,"2,310.56"
2006/2/2,"2,281.57"
2006/2/3,"2,262.58"
2006/2/6,"2,258.80"
2006/2/7,"2,244.96"
2006/2/8,"2,266.98"
2006/2/9,"2,255.87"
2006/2/10,"2,261.88"
2006/2/13,"2,239.81"
2006/2/14,"2,262.17"
2006/2/15,"2,276.43"
2006/2/16,"2,294.63"
2006/2/17,"2,282.36"
2006/2/21,"2,262.96"
2006/2/22,"2,283.17"
2006/2/23,"2,279.32"
2006/2/24,"2,287.04"
2006/2/27,"2,307.18"
2006/2/28,"2,281.39"
2006/3/1,"2,314.64"
2006/3/2,"2,311.11"
2006/3/3,"2,302.60"
2006/3/6,"2,286.03"
2006/3/7,"2,268.38"
2006/3/8,"2,267.46"
2006/3/9,"2,249.72"
2006/3/10,"2,262.04"
2006/3/13,"2,267.03"
2006/3/14,"2,295.90"
2006/3/15,"2,311.84"
2006/3/16,"2,299.56"
2006/3/17,"2,306.48"
2006/3/20,"2,314.11"
2006/3/21,"2,294.23"
2006/3/22,"2,303.35"
2006/3/23,"2,300.15"
2006/3/24,"2,312.82"
2006/3/27,"2,315.58"
2006/3/28,"2,304.46"
2006/3/29,"2,337.78"
2006/3/30,"2,340.82"
2006/3/31,"2,339.79"
2006/4/3,"2,336.74"
2006/4/4,"2,345.36"
2006/4/5,"2,359.75"
2006/4/6,"2,361.17"
2006/4/7,"2,339.02"
2006/4/10,"2,333.27"
2006/4/11,"2,310.35"
2006/4/12,"2,314.68"
2006/4/13,"2,326.11"
2006/4/17,"2,311.16"
2006/4/18,"2,356.14"
2006/4/19,"2,370.88"
2006/4/20,"2,362.55"
2006/4/21,"2,342.86"
2006/4/24,"2,333.38"
2006/4/25,"2,330.30"
2006/4/26,"2,333.63"
2006/4/27,"2,344.95"
2006/4/28,"2,322.57"
2006/5/1,"2,304.79"
2006/5/2,"2,309.84"
2006/5/3,"2,303.97"
2006/5/4,"2,323.90"
2006/5/5,"2,342.57"
2006/5/8,"2,344.99"
2006/5/9,"2,338.25"
2006/5/10,"2,320.74"
2006/5/11,"2,272.70"
2006/5/12,"2,243.78"
2006/5/15,"2,238.52"
2006/5/16,"2,229.13"
2006/5/17,"2,195.80"
2006/5/18,"2,180.32"
2006/5/19,"2,193.88"
2006/5/22,"2,172.86"
2006/5/23,"2,158.76"
2006/5/24,"2,169.17"
2006/5/25,"2,198.24"
2006/5/26,"2,210.37"
2006/5/30,"2,164.74"
2006/5/31,"2,178.88"
2006/6/1,"2,219.86"
2006/6/2,"2,219.41"
2006/6/5,"2,169.62"
2006/6/6,"2,162.78"
2006/6/7,"2,151.80"
2006/6/8,"2,145.32"
2006/6/9,"2,135.06"
2006/6/12,"2,091.32"
2006/6/13,"2,072.47"
2006/6/14,"2,086.00"
2006/6/15,"2,144.15"
2006/6/16,"2,129.95"
2006/6/19,"2,110.42"
2006/6/20,"2,107.06"
2006/6/21,"2,141.20"
2006/6/22,"2,122.98"
2006/6/23,"2,121.47"
2006/6/26,"2,133.67"
2006/6/27,"2,100.25"
2006/6/28,"2,111.84"
2006/6/29,"2,174.38"
2006/6/30,"2,172.09"
2006/7/3,"2,190.43"
2006/7/5,"2,153.34"
2006/7/6,"2,155.09"
2006/7/7,"2,130.06"
2006/7/10,"2,116.93"
2006/7/11,"2,128.86"
2006/7/12,"2,090.24"
2006/7/13,"2,054.11"
2006/7/14,"2,037.35"
2006/7/17,"2,037.72"
2006/7/18,"2,043.22"
2006/7/19,"2,080.71"
2006/7/20,"2,039.42"
2006/7/21,"2,020.39"
2006/7/24,"2,061.84"
2006/7/25,"2,073.90"
2006/7/26,"2,070.46"
2006/7/27,"2,054.47"
2006/7/28,"2,094.14"
2006/7/31,"2,091.47"
2006/8/1,"2,061.99"
2006/8/2,"2,078.81"
2006/8/3,"2,092.34"
2006/8/4,"2,085.05"
2006/8/7,"2,072.50"
2006/8/8,"2,060.85"
2006/8/9,"2,060.28"
2006/8/10,"2,071.74"
2006/8/11,"2,057.71"
2006/8/14,"2,069.04"
2006/8/15,"2,115.01"
2006/8/16,"2,149.54"
2006/8/17,"2,157.61"
2006/8/18,"2,163.95"
2006/8/21,"2,147.75"
2006/8/22,"2,150.02"
2006/8/23,"2,134.66"
2006/8/24,"2,137.11"
2006/8/25,"2,140.29"
2006/8/28,"2,160.70"
2006/8/29,"2,172.30"
2006/8/30,"2,185.73"
2006/8/31,"2,183.75"
2006/9/1,"2,193.16"
2006/9/5,"2,205.70"
2006/9/6,"2,167.84"
2006/9/7,"2,155.29"
2006/9/8,"2,165.79"
2006/9/11,"2,173.25"
2006/9/12,"2,215.82"
2006/9/13,"2,227.67"
2006/9/14,"2,228.73"
2006/9/15,"2,235.59"
2006/9/18,"2,235.75"
2006/9/19,"2,222.37"
2006/9/20,"2,252.89"
2006/9/21,"2,237.75"
2006/9/22,"2,218.93"
2006/9/25,"2,249.07"
2006/9/26,"2,261.34"
2006/9/27,"2,263.39"
2006/9/28,"2,270.02"
2006/9/29,"2,258.43"
2006/10/2,"2,237.60"
2006/10/3,"2,243.65"
2006/10/4,"2,290.95"
2006/10/5,"2,306.34"
2006/10/6,"2,299.99"
2006/10/9,"2,311.77"
2006/10/10,"2,315.43"
2006/10/11,"2,308.27"
2006/10/12,"2,346.18"
2006/10/13,"2,357.29"
2006/10/16,"2,363.84"
2006/10/17,"2,344.95"
2006/10/18,"2,337.15"
2006/10/19,"2,340.94"
2006/10/20,"2,342.30"
2006/10/23,"2,355.56"
2006/10/24,"2,344.84"
2006/10/25,"2,356.59"
2006/10/26,"2,379.10"
2006/10/27,"2,350.62"
2006/10/30,"2,363.77"
2006/10/31,"2,366.71"
2006/11/1,"2,334.35"
2006/11/2,"2,334.02"
2006/11/3,"2,330.79"
2006/11/6,"2,365.95"
2006/11/7,"2,375.88"
2006/11/8,"2,384.94"
2006/11/9,"2,376.01"
2006/11/10,"2,389.72"
2006/11/13,"2,406.38"
2006/11/14,"2,430.66"
2006/11/15,"2,442.75"
2006/11/16,"2,449.06"
2006/11/17,"2,445.86"
2006/11/20,"2,452.72"
2006/11/21,"2,454.84"
2006/11/22,"2,465.98"
2006/11/24,"2,460.26"
2006/11/27,"2,405.92"
2006/11/28,"2,412.61"
2006/11/29,"2,432.23"
2006/11/30,"2,431.77"
2006/12/1,"2,413.21"
2006/12/4,"2,448.39"
2006/12/5,"2,452.38"
2006/12/6,"2,445.86"
2006/12/7,"2,427.69"
2006/12/8,"2,437.36"
2006/12/11,"2,442.86"
2006/12/12,"2,431.60"
2006/12/13,"2,432.41"
2006/12/14,"2,453.85"
2006/12/15,"2,457.20"
2006/12/18,"2,435.57"
2006/12/19,"2,429.55"
2006/12/20,"2,427.61"
2006/12/21,"2,415.85"
2006/12/22,"2,401.18"
2006/12/26,"2,413.51"
2006/12/27,"2,431.22"
2006/12/28,"2,425.57"
2006/12/29,"2,415.29"
2007/1/3,"2,423.16"
2007/1/4,"2,453.43"
2007/1/5,"2,434.25"
2007/1/8,"2,438.20"
2007/1/9,"2,443.83"
2007/1/10,"2,459.33"
2007/1/11,"2,484.85"
2007/1/12,"2,502.82"
2007/1/16,"2,497.78"
2007/1/17,"2,479.42"
2007/1/18,"2,443.21"
2007/1/19,"2,451.31"
2007/1/22,"2,431.07"
2007/1/23,"2,431.41"
2007/1/24,"2,466.28"
2007/1/25,"2,434.24"
2007/1/26,"2,435.49"
2007/1/29,"2,441.09"
2007/1/30,"2,448.64"
2007/1/31,"2,463.93"
2007/2/1,"2,468.38"
2007/2/2,"2,475.88"
2007/2/5,"2,470.60"
2007/2/6,"2,471.49"
2007/2/7,"2,490.50"
2007/2/8,"2,488.67"
2007/2/9,"2,459.82"
2007/2/12,"2,450.38"
2007/2/13,"2,459.88"
2007/2/14,"2,488.38"
2007/2/15,"2,497.10"
2007/2/16,"2,496.31"
2007/2/20,"2,513.04"
2007/2/21,"2,518.42"
2007/2/22,"2,524.94"
2007/2/23,"2,515.10"
2007/2/26,"2,504.52"
2007/2/27,"2,407.86"
2007/2/28,"2,416.15"
2007/3/1,"2,404.21"
2007/3/2,"2,368.00"
2007/3/5,"2,340.68"
2007/3/6,"2,385.14"
2007/3/7,"2,374.64"
2007/3/8,"2,387.73"
2007/3/9,"2,387.55"
2007/3/12,"2,402.29"
2007/3/13,"2,350.57"
2007/3/14,"2,371.74"
2007/3/15,"2,378.70"
2007/3/16,"2,372.66"
2007/3/19,"2,394.41"
2007/3/20,"2,408.21"
2007/3/21,"2,455.92"
2007/3/22,"2,451.74"
2007/3/23,"2,448.93"
2007/3/26,"2,455.63"
2007/3/27,"2,437.43"
2007/3/28,"2,417.10"
2007/3/29,"2,417.88"
2007/3/30,"2,421.64"
2007/4/2,"2,422.26"
2007/4/3,"2,450.33"
2007/4/4,"2,458.69"
2007/4/5,"2,471.34"
2007/4/9,"2,469.18"
2007/4/10,"2,477.61"
2007/4/11,"2,459.31"
2007/4/12,"2,480.32"
2007/4/13,"2,491.94"
2007/4/16,"2,518.33"
2007/4/17,"2,516.95"
2007/4/18,"2,510.50"
2007/4/19,"2,505.35"
2007/4/20,"2,526.39"
2007/4/23,"2,523.67"
2007/4/24,"2,524.54"
2007/4/25,"2,547.89"
2007/4/26,"2,554.46"
2007/4/27,"2,557.21"
2007/4/30,"2,525.09"
2007/5/1,"2,531.53"
2007/5/2,"2,557.84"
2007/5/3,"2,565.46"
2007/5/4,"2,572.15"
2007/5/7,"2,570.95"
2007/5/8,"2,571.75"
2007/5/9,"2,576.34"
2007/5/10,"2,533.74"
2007/5/11,"2,562.22"
2007/5/14,"2,546.44"
2007/5/15,"2,525.29"
2007/5/16,"2,547.42"
2007/5/17,"2,539.38"
2007/5/18,"2,558.45"
2007/5/21,"2,578.79"
2007/5/22,"2,588.02"
2007/5/23,"2,577.05"
2007/5/24,"2,537.92"
2007/5/25,"2,557.19"
2007/5/29,"2,572.06"
2007/5/30,"2,592.59"
2007/5/31,"2,604.52"
2007/6/1,"2,613.92"
2007/6/4,"2,618.29"
2007/6/5,"2,611.23"
2007/6/6,"2,587.18"
2007/6/7,"2,541.38"
2007/6/8,"2,573.54"
2007/6/11,"2,572.15"
2007/6/12,"2,549.77"
2007/6/13,"2,582.31"
2007/6/14,"2,599.41"
2007/6/15,"2,626.71"
2007/6/18,"2,626.60"
2007/6/19,"2,626.76"
2007/6/20,"2,599.96"
2007/6/21,"2,616.96"
2007/6/22,"2,588.96"
2007/6/25,"2,577.08"
2007/6/26,"2,574.16"
2007/6/27,"2,605.35"
2007/6/28,"2,608.37"
2007/6/29,"2,603.23"
2007/7/2,"2,632.30"
2007/7/3,"2,644.95"
2007/7/5,"2,656.65"
2007/7/6,"2,666.51"
2007/7/9,"2,670.02"
2007/7/10,"2,639.16"
2007/7/11,"2,651.79"
2007/7/12,"2,701.73"
2007/7/13,"2,707.00"
2007/7/16,"2,697.33"
2007/7/17,"2,712.29"
2007/7/18,"2,699.49"
2007/7/19,"2,720.04"
2007/7/20,"2,687.60"
2007/7/23,"2,690.58"
2007/7/24,"2,639.86"
2007/7/25,"2,648.17"
2007/7/26,"2,599.34"
2007/7/27,"2,561.56"
2007/7/30,"2,582.57"
2007/7/31,"2,545.57"
2007/8/1,"2,553.16"
2007/8/2,"2,575.98"
2007/8/3,"2,511.25"
2007/8/6,"2,547.33"
2007/8/7,"2,561.60"
2007/8/8,"2,612.98"
2007/8/9,"2,556.49"
2007/8/10,"2,544.89"
2007/8/13,"2,542.24"
2007/8/14,"2,499.12"
2007/8/15,"2,458.83"
2007/8/16,"2,451.07"
2007/8/17,"2,505.03"
2007/8/20,"2,508.59"
2007/8/21,"2,521.30"
2007/8/22,"2,552.80"
2007/8/23,"2,541.70"
2007/8/24,"2,576.69"
2007/8/27,"2,561.25"
2007/8/28,"2,500.64"
2007/8/29,"2,563.16"
2007/8/30,"2,565.30"
2007/8/31,"2,596.36"
2007/9/4,"2,630.24"
2007/9/5,"2,605.95"
2007/9/6,"2,614.32"
2007/9/7,"2,565.70"
2007/9/10,"2,559.11"
2007/9/11,"2,597.47"
2007/9/12,"2,592.07"
2007/9/13,"2,601.06"
2007/9/14,"2,602.18"
2007/9/17,"2,581.66"
2007/9/18,"2,651.66"
2007/9/19,"2,666.48"
2007/9/20,"2,654.29"
2007/9/21,"2,671.22"
2007/9/24,"2,667.95"
2007/9/25,"2,683.45"
2007/9/26,"2,699.03"
2007/9/27,"2,709.59"
2007/9/28,"2,701.50"
2007/10/1,"2,740.99"
2007/10/2,"2,747.11"
2007/10/3,"2,729.43"
2007/10/4,"2,733.57"
2007/10/5,"2,780.32"
2007/10/8,"2,787.37"
2007/10/9,"2,803.91"
2007/10/10,"2,811.61"
2007/10/11,"2,772.20"
2007/10/12,"2,805.68"
2007/10/15,"2,780.05"
2007/10/16,"2,763.91"
2007/10/17,"2,792.67"
2007/10/18,"2,799.31"
2007/10/19,"2,725.16"
2007/10/22,"2,753.93"
2007/10/23,"2,799.26"
2007/10/24,"2,774.76"
2007/10/25,"2,750.86"
2007/10/26,"2,804.19"
2007/10/29,"2,817.44"
2007/10/30,"2,816.71"
2007/10/31,"2,859.12"
2007/11/1,"2,794.83"
2007/11/2,"2,810.38"
2007/11/5,"2,795.18"
2007/11/6,"2,825.18"
2007/11/7,"2,748.76"
2007/11/8,"2,696.00"
2007/11/9,"2,627.94"
2007/11/12,"2,584.13"
2007/11/13,"2,673.65"
2007/11/14,"2,644.32"
2007/11/15,"2,618.51"
2007/11/16,"2,637.24"
2007/11/19,"2,593.38"
2007/11/20,"2,596.81"
2007/11/21,"2,562.15"
2007/11/23,"2,596.60"
2007/11/26,"2,540.99"
2007/11/27,"2,580.80"
2007/11/28,"2,662.91"
2007/11/29,"2,668.13"
2007/11/30,"2,660.96"
2007/12/3,"2,637.13"
2007/12/4,"2,619.83"
2007/12/5,"2,666.36"
2007/12/6,"2,709.03"
2007/12/7,"2,706.16"
2007/12/10,"2,718.95"
2007/12/11,"2,652.35"
2007/12/12,"2,671.14"
2007/12/13,"2,668.49"
2007/12/14,"2,635.74"
2007/12/17,"2,574.46"
2007/12/18,"2,596.03"
2007/12/19,"2,601.01"
2007/12/20,"2,640.86"
2007/12/21,"2,691.99"
2007/12/24,"2,713.50"
2007/12/26,"2,724.41"
2007/12/27,"2,676.79"
2007/12/28,"2,674.46"
2007/12/31,"2,652.28"
2008/1/2,"2,609.63"
2008/1/3,"2,602.68"
2008/1/4,"2,504.65"
2008/1/7,"2,499.46"
2008/1/8,"2,440.51"
2008/1/9,"2,474.55"
2008/1/10,"2,488.52"
2008/1/11,"2,439.94"
2008/1/14,"2,478.30"
2008/1/15,"2,417.59"
2008/1/16,"2,394.59"
2008/1/17,"2,346.90"
2008/1/18,"2,340.02"
2008/1/22,"2,292.27"
2008/1/23,"2,316.41"
2008/1/24,"2,360.92"
2008/1/25,"2,326.20"
2008/1/28,"2,349.91"
2008/1/29,"2,358.06"
2008/1/30,"2,349.00"
2008/1/31,"2,389.86"
2008/2/1,"2,413.36"
2008/2/4,"2,382.85"
2008/2/5,"2,309.57"
2008/2/6,"2,278.75"
2008/2/7,"2,293.03"
2008/2/8,"2,304.85"
2008/2/11,"2,320.06"
2008/2/12,"2,320.04"
2008/2/13,"2,373.93"
2008/2/14,"2,332.54"
2008/2/15,"2,321.80"
2008/2/19,"2,306.20"
2008/2/20,"2,327.10"
2008/2/21,"2,299.78"
2008/2/22,"2,303.35"
2008/2/25,"2,327.48"
2008/2/26,"2,344.99"
2008/2/27,"2,353.78"
2008/2/28,"2,331.57"
2008/2/29,"2,271.48"
2008/3/3,"2,258.60"
2008/3/4,"2,260.28"
2008/3/5,"2,272.81"
2008/3/6,"2,220.50"
2008/3/7,"2,212.49"
2008/3/10,"2,169.34"
2008/3/11,"2,255.76"
2008/3/12,"2,243.87"
2008/3/13,"2,263.61"
2008/3/14,"2,212.49"
2008/3/17,"2,177.01"
2008/3/18,"2,268.26"
2008/3/19,"2,209.96"
2008/3/20,"2,258.11"
2008/3/24,"2,326.75"
2008/3/25,"2,341.05"
2008/3/26,"2,324.36"
2008/3/27,"2,280.83"
2008/3/28,"2,261.18"
2008/3/31,"2,279.10"
2008/4/1,"2,362.75"
2008/4/2,"2,361.40"
2008/4/3,"2,363.30"
2008/4/4,"2,370.98"
2008/4/7,"2,364.83"
2008/4/8,"2,348.76"
2008/4/9,"2,322.12"
2008/4/10,"2,351.70"
2008/4/11,"2,290.24"
2008/4/14,"2,275.82"
2008/4/15,"2,286.04"
2008/4/16,"2,350.11"
2008/4/17,"2,341.83"
2008/4/18,"2,402.97"
2008/4/21,"2,408.04"
2008/4/22,"2,376.94"
2008/4/23,"2,405.21"
2008/4/24,"2,428.92"
2008/4/25,"2,422.93"
2008/4/28,"2,424.40"
2008/4/29,"2,426.10"
2008/4/30,"2,412.80"
2008/5/1,"2,480.71"
2008/5/2,"2,476.99"
2008/5/5,"2,464.12"
2008/5/6,"2,483.31"
2008/5/7,"2,438.49"
2008/5/8,"2,451.24"
2008/5/9,"2,445.52"
2008/5/12,"2,488.49"
2008/5/13,"2,495.12"
2008/5/14,"2,496.70"
2008/5/15,"2,533.73"
2008/5/16,"2,528.85"
2008/5/19,"2,516.09"
2008/5/20,"2,492.26"
2008/5/21,"2,448.27"
2008/5/22,"2,464.58"
2008/5/23,"2,444.67"
2008/5/27,"2,481.24"
2008/5/28,"2,486.70"
2008/5/29,"2,508.32"
2008/5/30,"2,522.66"
2008/6/2,"2,491.53"
2008/6/3,"2,480.48"
2008/6/4,"2,503.14"
2008/6/5,"2,549.94"
2008/6/6,"2,474.56"
2008/6/9,"2,459.46"
2008/6/10,"2,448.94"
2008/6/11,"2,394.01"
2008/6/12,"2,404.35"
2008/6/13,"2,454.50"
2008/6/16,"2,474.78"
2008/6/17,"2,457.73"
2008/6/18,"2,429.71"
2008/6/19,"2,462.06"
2008/6/20,"2,406.09"
2008/6/23,"2,385.74"
2008/6/24,"2,368.28"
2008/6/25,"2,401.26"
2008/6/26,"2,321.37"
2008/6/27,"2,315.63"
2008/6/30,"2,292.98"
2008/7/1,"2,304.97"
2008/7/2,"2,251.46"
2008/7/3,"2,245.38"
2008/7/7,"2,243.32"
2008/7/8,"2,294.44"
2008/7/9,"2,234.89"
2008/7/10,"2,257.85"
2008/7/11,"2,239.08"
2008/7/14,"2,212.87"
2008/7/15,"2,215.71"
2008/7/16,"2,284.85"
2008/7/17,"2,312.30"
2008/7/18,"2,282.78"
2008/7/21,"2,279.53"
2008/7/22,"2,303.96"
2008/7/23,"2,325.88"
2008/7/24,"2,280.11"
2008/7/25,"2,310.53"
2008/7/28,"2,264.22"
2008/7/29,"2,319.62"
2008/7/30,"2,329.72"
2008/7/31,"2,325.55"
2008/8/1,"2,310.96"
2008/8/4,"2,285.56"
2008/8/5,"2,349.83"
2008/8/6,"2,378.37"
2008/8/7,"2,355.73"
2008/8/8,"2,414.10"
2008/8/11,"2,439.95"
2008/8/12,"2,430.61"
2008/8/13,"2,428.62"
2008/8/14,"2,453.67"
2008/8/15,"2,452.52"
2008/8/18,"2,416.98"
2008/8/19,"2,384.36"
2008/8/20,"2,389.08"
2008/8/21,"2,380.38"
2008/8/22,"2,414.71"
2008/8/25,"2,365.59"
2008/8/26,"2,361.97"
2008/8/27,"2,382.46"
2008/8/28,"2,411.64"
2008/8/29,"2,367.52"
2008/9/2,"2,349.24"
2008/9/3,"2,333.73"
2008/9/4,"2,259.04"
2008/9/5,"2,255.88"
2008/9/8,"2,269.76"
2008/9/9,"2,209.81"
2008/9/10,"2,228.70"
2008/9/11,"2,258.22"
2008/9/12,"2,261.27"
2008/9/15,"2,179.91"
2008/9/16,"2,207.90"
2008/9/17,"2,098.85"
2008/9/18,"2,199.10"
2008/9/19,"2,273.90"
2008/9/22,"2,178.98"
2008/9/23,"2,153.33"
2008/9/24,"2,155.68"
2008/9/25,"2,186.57"
2008/9/26,"2,183.34"
2008/9/29,"1,983.73"
2008/9/30,"2,091.88"
2008/10/1,"2,069.40"
2008/10/2,"1,976.72"
2008/10/3,"1,947.39"
2008/10/6,"1,862.96"
2008/10/7,"1,754.88"
2008/10/8,"1,740.33"
2008/10/9,"1,645.12"
2008/10/10,"1,649.51"
2008/10/13,"1,844.25"
2008/10/14,"1,779.01"
2008/10/15,"1,628.33"
2008/10/16,"1,717.71"
2008/10/17,"1,711.29"
2008/10/20,"1,770.03"
2008/10/21,"1,696.68"
2008/10/22,"1,615.75"
2008/10/23,"1,603.91"
2008/10/24,"1,552.03"
2008/10/27,"1,505.90"
2008/10/28,"1,649.47"
2008/10/29,"1,657.21"
2008/10/30,"1,698.52"
2008/10/31,"1,720.95"
2008/11/3,"1,726.33"
2008/11/4,"1,780.12"
2008/11/5,"1,681.64"
2008/11/6,"1,608.70"
2008/11/7,"1,647.40"
2008/11/10,"1,616.74"
2008/11/11,"1,580.90"
2008/11/12,"1,499.21"
2008/11/13,"1,596.70"
2008/11/14,"1,516.85"
2008/11/17,"1,482.05"
2008/11/18,"1,483.27"
2008/11/19,"1,386.42"
2008/11/20,"1,316.12"
2008/11/21,"1,384.35"
2008/11/24,"1,472.02"
2008/11/25,"1,464.73"
2008/11/26,"1,532.10"
2008/11/28,"1,535.57"
2008/12/1,"1,398.07"
2008/12/2,"1,449.80"
2008/12/3,"1,492.38"
2008/12/4,"1,445.56"
2008/12/5,"1,509.31"
2008/12/8,"1,571.74"
2008/12/9,"1,547.34"
2008/12/10,"1,565.48"
2008/12/11,"1,507.88"
2008/12/12,"1,540.72"
2008/12/15,"1,508.34"
2008/12/16,"1,589.89"
2008/12/17,"1,579.31"
2008/12/18,"1,552.37"
2008/12/19,"1,564.32"
2008/12/22,"1,532.35"
2008/12/23,"1,521.54"
2008/12/24,"1,524.90"
2008/12/26,"1,530.24"
2008/12/29,"1,510.32"
2008/12/30,"1,550.70"
2008/12/31,"1,577.03"
2009/1/2,"1,632.21"
2009/1/5,"1,628.03"
2009/1/6,"1,652.38"
2009/1/7,"1,599.06"
2009/1/8,"1,617.01"
2009/1/9,"1,571.59"
2009/1/12,"1,538.79"
2009/1/13,"1,546.46"
2009/1/14,"1,489.64"
2009/1/15,"1,511.84"
2009/1/16,"1,529.33"
2009/1/20,"1,440.86"
2009/1/21,"1,507.07"
2009/1/22,"1,465.49"
2009/1/23,"1,477.29"
2009/1/26,"1,489.46"
2009/1/27,"1,504.90"
2009/1/28,"1,558.34"
2009/1/29,"1,507.84"
2009/1/30,"1,476.42"
2009/2/2,"1,494.43"
2009/2/3,"1,516.30"
2009/2/4,"1,515.05"
2009/2/5,"1,546.24"
2009/2/6,"1,591.71"
2009/2/9,"1,591.56"
2009/2/10,"1,524.73"
2009/2/11,"1,530.50"
2009/2/12,"1,541.71"
2009/2/13,"1,534.36"
2009/2/17,"1,470.66"
2009/2/18,"1,467.97"
2009/2/19,"1,442.82"
2009/2/20,"1,441.23"
2009/2/23,"1,387.72"
2009/2/24,"1,441.83"
2009/2/25,"1,425.43"
2009/2/26,"1,391.47"
2009/2/27,"1,377.84"
2009/3/2,"1,322.85"
2009/3/3,"1,321.01"
2009/3/4,"1,353.74"
2009/3/5,"1,299.59"
2009/3/6,"1,293.85"
2009/3/9,"1,268.64"
2009/3/10,"1,358.28"
2009/3/11,"1,371.64"
2009/3/12,"1,426.10"
2009/3/13,"1,431.50"
2009/3/16,"1,404.02"
2009/3/17,"1,462.11"
2009/3/18,"1,491.22"
2009/3/19,"1,483.48"
2009/3/20,"1,457.27"
2009/3/23,"1,555.77"
2009/3/24,"1,516.52"
2009/3/25,"1,528.95"
2009/3/26,"1,587.00"
2009/3/27,"1,545.20"
2009/3/30,"1,501.80"
2009/3/31,"1,528.59"
2009/4/1,"1,551.60"
2009/4/2,"1,602.63"
2009/4/3,"1,621.87"
2009/4/6,"1,606.71"
2009/4/7,"1,561.61"
2009/4/8,"1,590.66"
2009/4/9,"1,652.54"
2009/4/13,"1,653.31"
2009/4/14,"1,625.72"
2009/4/15,"1,626.80"
2009/4/16,"1,670.44"
2009/4/17,"1,673.07"
2009/4/20,"1,608.21"
2009/4/21,"1,643.85"
2009/4/22,"1,646.12"
2009/4/23,"1,652.21"
2009/4/24,"1,694.29"
2009/4/27,"1,679.41"
2009/4/28,"1,673.81"
2009/4/29,"1,711.94"
2009/4/30,"1,717.30"
2009/5/1,"1,719.20"
2009/5/4,"1,763.56"
2009/5/5,"1,754.12"
2009/5/6,"1,759.10"
2009/5/7,"1,716.24"
2009/5/8,"1,739.00"
2009/5/11,"1,731.24"
2009/5/12,"1,715.92"
2009/5/13,"1,664.19"
2009/5/14,"1,689.21"
2009/5/15,"1,680.14"
2009/5/18,"1,732.36"
2009/5/19,"1,734.54"
2009/5/20,"1,727.84"
2009/5/21,"1,695.25"
2009/5/22,"1,692.01"
2009/5/26,"1,750.43"
2009/5/27,"1,731.08"
2009/5/28,"1,751.79"
2009/5/29,"1,774.33"
2009/6/1,"1,828.68"
2009/6/2,"1,836.80"
2009/6/3,"1,825.92"
2009/6/4,"1,850.02"
2009/6/5,"1,849.42"
2009/6/8,"1,842.40"
2009/6/9,"1,860.13"
2009/6/10,"1,853.08"
2009/6/11,"1,862.37"
2009/6/12,"1,858.80"
2009/6/15,"1,816.38"
2009/6/16,"1,796.18"
2009/6/17,"1,808.06"
2009/6/18,"1,807.72"
2009/6/19,"1,827.47"
2009/6/22,"1,766.19"
2009/6/23,"1,764.92"
2009/6/24,"1,792.34"
2009/6/25,"1,829.54"
2009/6/26,"1,838.22"
2009/6/29,"1,844.06"
2009/6/30,"1,835.04"
2009/7/1,"1,845.72"
2009/7/2,"1,796.52"
2009/7/6,"1,787.40"
2009/7/7,"1,746.17"
2009/7/8,"1,747.17"
2009/7/9,"1,752.55"
2009/7/10,"1,756.03"
2009/7/13,"1,793.21"
2009/7/14,"1,799.73"
2009/7/15,"1,862.90"
2009/7/16,"1,885.03"
2009/7/17,"1,886.61"
2009/7/20,"1,909.29"
2009/7/21,"1,916.20"
2009/7/22,"1,926.38"
2009/7/23,"1,973.60"
2009/7/24,"1,965.96"
2009/7/27,"1,967.89"
2009/7/28,"1,975.51"
2009/7/29,"1,967.76"
2009/7/30,"1,984.30"
2009/7/31,"1,978.50"
2009/8/3,"2,008.61"
2009/8/4,"2,011.31"
2009/8/5,"1,993.05"
2009/8/6,"1,973.16"
2009/8/7,"2,000.25"
2009/8/10,"1,992.24"
2009/8/11,"1,969.73"
2009/8/12,"1,998.72"
2009/8/13,"2,009.35"
2009/8/14,"1,985.52"
2009/8/17,"1,930.84"
2009/8/18,"1,955.92"
2009/8/19,"1,969.24"
2009/8/20,"1,989.22"
2009/8/21,"2,020.90"
2009/8/24,"2,017.98"
2009/8/25,"2,024.23"
2009/8/26,"2,024.43"
2009/8/27,"2,027.73"
2009/8/28,"2,028.77"
2009/8/31,"2,009.06"
2009/9/1,"1,968.89"
2009/9/2,"1,967.07"
2009/9/3,"1,983.20"
2009/9/4,"2,018.78"
2009/9/8,"2,037.77"
2009/9/9,"2,060.39"
2009/9/10,"2,084.02"
2009/9/11,"2,080.90"
2009/9/14,"2,091.78"
2009/9/15,"2,102.64"
2009/9/16,"2,133.15"
2009/9/17,"2,126.75"
2009/9/18,"2,132.86"
2009/9/21,"2,138.04"
2009/9/22,"2,146.30"
2009/9/23,"2,131.42"
2009/9/24,"2,107.61"
2009/9/25,"2,090.92"
2009/9/28,"2,130.74"
2009/9/29,"2,124.04"
2009/9/30,"2,122.42"
2009/10/1,"2,057.48"
2009/10/2,"2,048.11"
2009/10/5,"2,068.15"
2009/10/6,"2,103.57"
2009/10/7,"2,110.33"
2009/10/8,"2,123.93"
2009/10/9,"2,139.28"
2009/10/12,"2,139.14"
2009/10/13,"2,139.89"
2009/10/14,"2,172.23"
2009/10/15,"2,173.29"
2009/10/16,"2,156.80"
2009/10/19,"2,176.32"
2009/10/20,"2,163.47"
2009/10/21,"2,150.73"
2009/10/22,"2,165.29"
2009/10/23,"2,154.47"
2009/10/26,"2,141.85"
2009/10/27,"2,116.09"
2009/10/28,"2,059.61"
2009/10/29,"2,097.55"
2009/10/30,"2,045.11"
2009/11/2,"2,049.20"
2009/11/3,"2,057.32"
2009/11/4,"2,055.52"
2009/11/5,"2,105.32"
2009/11/6,"2,112.44"
2009/11/9,"2,154.06"
2009/11/10,"2,151.08"
2009/11/11,"2,166.90"
2009/11/12,"2,149.02"
2009/11/13,"2,167.88"
2009/11/16,"2,197.85"
2009/11/17,"2,203.78"
2009/11/18,"2,193.14"
2009/11/19,"2,156.82"
2009/11/20,"2,146.04"
2009/11/23,"2,176.01"
2009/11/24,"2,169.18"
2009/11/25,"2,176.05"
2009/11/27,"2,138.44"
2009/11/30,"2,144.60"
2009/12/1,"2,175.81"
2009/12/2,"2,185.03"
2009/12/3,"2,173.14"
2009/12/4,"2,194.35"
2009/12/7,"2,189.61"
2009/12/8,"2,172.99"
2009/12/9,"2,183.73"
2009/12/10,"2,190.86"
2009/12/11,"2,190.31"
2009/12/14,"2,212.10"
2009/12/15,"2,201.05"
2009/12/16,"2,206.91"
2009/12/17,"2,180.05"
2009/12/18,"2,211.69"
2009/12/21,"2,237.66"
2009/12/22,"2,252.67"
2009/12/23,"2,269.64"
2009/12/24,"2,285.69"
2009/12/28,"2,291.08"
2009/12/29,"2,288.40"
2009/12/30,"2,291.28"
2009/12/31,"2,269.15"
2010/1/4,"2,308.42"
2010/1/5,"2,308.71"
2010/1/6,"2,301.09"
2010/1/7,"2,300.05"
2010/1/8,"2,317.17"
2010/1/11,"2,312.41"
2010/1/12,"2,282.31"
2010/1/13,"2,307.90"
2010/1/14,"2,316.74"
2010/1/15,"2,287.99"
2010/1/19,"2,320.40"
2010/1/20,"2,291.25"
2010/1/21,"2,265.70"
2010/1/22,"2,205.29"
2010/1/25,"2,210.80"
2010/1/26,"2,203.73"
2010/1/27,"2,221.41"
2010/1/28,"2,179.00"
2010/1/29,"2,147.35"
2010/2/1,"2,171.20"
2010/2/2,"2,190.06"
2010/2/3,"2,190.91"
2010/2/4,"2,125.43"
2010/2/5,"2,141.12"
2010/2/8,"2,126.05"
2010/2/9,"2,150.87"
2010/2/10,"2,147.87"
2010/2/11,"2,177.41"
2010/2/12,"2,183.53"
2010/2/16,"2,214.19"
2010/2/17,"2,226.29"
2010/2/18,"2,241.71"
2010/2/19,"2,243.87"
2010/2/22,"2,242.03"
2010/2/23,"2,213.44"
2010/2/24,"2,235.90"
2010/2/25,"2,234.22"
2010/2/26,"2,238.26"
2010/3/1,"2,273.57"
2010/3/2,"2,280.79"
2010/3/3,"2,280.68"
2010/3/4,"2,292.31"
2010/3/5,"2,326.35"
2010/3/8,"2,332.21"
2010/3/9,"2,340.68"
2010/3/10,"2,358.95"
2010/3/11,"2,368.46"
2010/3/12,"2,367.66"
2010/3/15,"2,362.21"
2010/3/16,"2,378.01"
2010/3/17,"2,389.09"
2010/3/18,"2,391.28"
2010/3/19,"2,374.41"
2010/3/22,"2,395.40"
2010/3/23,"2,415.24"
2010/3/24,"2,398.76"
2010/3/25,"2,397.41"
2010/3/26,"2,395.13"
2010/3/29,"2,404.36"
2010/3/30,"2,410.69"
2010/3/31,"2,397.96"
2010/4/1,"2,402.58"
2010/4/5,"2,429.53"
2010/4/6,"2,436.81"
2010/4/7,"2,431.16"
2010/4/8,"2,436.81"
2010/4/9,"2,454.05"
2010/4/12,"2,457.87"
2010/4/13,"2,465.99"
2010/4/14,"2,504.86"
2010/4/15,"2,515.69"
2010/4/16,"2,481.26"
2010/4/19,"2,480.11"
2010/4/20,"2,500.31"
2010/4/21,"2,504.61"
2010/4/22,"2,519.07"
2010/4/23,"2,530.15"
2010/4/26,"2,522.95"
2010/4/27,"2,471.47"
2010/4/28,"2,471.73"
2010/4/29,"2,511.92"
2010/4/30,"2,461.19"
2010/5/3,"2,498.74"
2010/5/4,"2,424.25"
2010/5/5,"2,402.29"
2010/5/6,"2,319.64"
2010/5/7,"2,265.64"
2010/5/10,"2,374.67"
2010/5/11,"2,375.31"
2010/5/12,"2,425.02"
2010/5/13,"2,394.36"
2010/5/14,"2,346.85"
2010/5/17,"2,354.23"
2010/5/18,"2,317.26"
2010/5/19,"2,298.37"
2010/5/20,"2,204.01"
2010/5/21,"2,229.04"
2010/5/24,"2,213.55"
2010/5/25,"2,210.95"
2010/5/26,"2,195.88"
2010/5/27,"2,277.68"
2010/5/28,"2,257.04"
2010/6/1,"2,222.33"
2010/6/2,"2,281.07"
2010/6/3,"2,303.03"
2010/6/4,"2,219.17"
2010/6/7,"2,173.90"
2010/6/8,"2,170.57"
2010/6/9,"2,158.85"
2010/6/10,"2,218.71"
2010/6/11,"2,243.60"
2010/6/14,"2,243.96"
2010/6/15,"2,305.88"
2010/6/16,"2,305.93"
2010/6/17,"2,307.16"
2010/6/18,"2,309.80"
2010/6/21,"2,289.09"
2010/6/22,"2,261.80"
2010/6/23,"2,254.23"
2010/6/24,"2,217.42"
2010/6/25,"2,223.48"
2010/6/28,"2,220.65"
2010/6/29,"2,135.18"
2010/6/30,"2,109.24"
2010/7/1,"2,101.36"
2010/7/2,"2,091.79"
2010/7/6,"2,093.88"
2010/7/7,"2,159.47"
2010/7/8,"2,175.40"
2010/7/9,"2,196.45"
2010/7/12,"2,198.36"
2010/7/13,"2,242.03"
2010/7/14,"2,249.84"
2010/7/15,"2,249.08"
2010/7/16,"2,179.05"
2010/7/19,"2,198.23"
2010/7/20,"2,222.49"
2010/7/21,"2,187.33"
2010/7/22,"2,245.89"
2010/7/23,"2,269.47"
2010/7/26,"2,296.43"
2010/7/27,"2,288.25"
2010/7/28,"2,264.56"
2010/7/29,"2,251.69"
2010/7/30,"2,254.70"
2010/8/2,"2,295.36"
2010/8/3,"2,283.52"
2010/8/4,"2,303.57"
2010/8/5,"2,293.06"
2010/8/6,"2,288.47"
2010/8/9,"2,305.69"
2010/8/10,"2,277.17"
2010/8/11,"2,208.63"
2010/8/12,"2,190.27"
2010/8/13,"2,173.48"
2010/8/16,"2,181.87"
2010/8/17,"2,209.44"
2010/8/18,"2,215.70"
2010/8/19,"2,178.95"
2010/8/20,"2,179.76"
2010/8/23,"2,159.63"
2010/8/24,"2,123.76"
2010/8/25,"2,141.54"
2010/8/26,"2,118.69"
2010/8/27,"2,153.63"
2010/8/30,"2,119.97"
2010/8/31,"2,114.03"
2010/9/1,"2,176.84"
2010/9/2,"2,200.01"
2010/9/3,"2,233.75"
2010/9/7,"2,208.89"
2010/9/8,"2,228.87"
2010/9/9,"2,236.20"
2010/9/10,"2,242.48"
2010/9/13,"2,285.71"
2010/9/14,"2,289.77"
2010/9/15,"2,301.32"
2010/9/16,"2,303.25"
2010/9/17,"2,315.61"
2010/9/20,"2,355.83"
2010/9/21,"2,349.35"
2010/9/22,"2,334.55"
2010/9/23,"2,327.08"
2010/9/24,"2,381.22"
2010/9/27,"2,369.77"
2010/9/28,"2,379.59"
2010/9/29,"2,376.56"
2010/9/30,"2,368.62"
2010/10/1,"2,370.75"
2010/10/4,"2,344.52"
2010/10/5,"2,399.83"
2010/10/6,"2,380.66"
2010/10/7,"2,383.67"
2010/10/8,"2,401.91"
2010/10/11,"2,402.33"
2010/10/12,"2,417.92"
2010/10/13,"2,441.23"
2010/10/14,"2,435.38"
2010/10/15,"2,468.77"
2010/10/18,"2,480.66"
2010/10/19,"2,436.95"
2010/10/20,"2,457.39"
2010/10/21,"2,459.67"
2010/10/22,"2,479.39"
2010/10/25,"2,490.85"
2010/10/26,"2,497.29"
2010/10/27,"2,503.26"
2010/10/28,"2,507.37"
2010/10/29,"2,507.41"
2010/11/1,"2,504.84"
2010/11/2,"2,533.52"
2010/11/3,"2,540.27"
2010/11/4,"2,577.34"
2010/11/5,"2,578.98"
2010/11/8,"2,580.05"
2010/11/9,"2,562.98"
2010/11/10,"2,578.78"
2010/11/11,"2,555.52"
2010/11/12,"2,518.21"
2010/11/15,"2,513.82"
2010/11/16,"2,469.84"
2010/11/17,"2,476.01"
2010/11/18,"2,514.40"
2010/11/19,"2,518.12"
2010/11/22,"2,532.02"
2010/11/23,"2,494.95"
2010/11/24,"2,543.12"
2010/11/26,"2,534.56"
2010/11/29,"2,525.22"
2010/11/30,"2,498.23"
2010/12/1,"2,549.43"
2010/12/2,"2,579.35"
2010/12/3,"2,591.46"
2010/12/6,"2,594.92"
2010/12/7,"2,598.49"
2010/12/8,"2,609.16"
2010/12/9,"2,616.67"
2010/12/10,"2,637.54"
2010/12/13,"2,624.91"
2010/12/14,"2,627.72"
2010/12/15,"2,617.22"
2010/12/16,"2,637.31"
2010/12/17,"2,642.97"
2010/12/20,"2,649.56"
2010/12/21,"2,667.61"
2010/12/22,"2,671.48"
2010/12/23,"2,665.60"
2010/12/27,"2,667.27"
2010/12/28,"2,662.88"
2010/12/29,"2,666.93"
2010/12/30,"2,662.98"
2010/12/31,"2,652.87"
2011/1/3,"2,691.52"
2011/1/4,"2,681.25"
2011/1/5,"2,702.20"
2011/1/6,"2,709.89"
2011/1/7,"2,703.17"
2011/1/10,"2,707.80"
2011/1/11,"2,716.83"
2011/1/12,"2,737.33"
2011/1/13,"2,735.29"
2011/1/14,"2,755.30"
2011/1/18,"2,765.85"
2011/1/19,"2,725.36"
2011/1/20,"2,704.29"
2011/1/21,"2,689.54"
2011/1/24,"2,717.55"
2011/1/25,"2,719.25"
2011/1/26,"2,739.50"
2011/1/27,"2,755.28"
2011/1/28,"2,686.89"
2011/1/31,"2,700.08"
2011/2/1,"2,751.19"
2011/2/2,"2,749.56"
2011/2/3,"2,753.88"
2011/2/4,"2,769.30"
2011/2/7,"2,783.99"
2011/2/8,"2,797.05"
2011/2/9,"2,789.07"
2011/2/10,"2,790.45"
2011/2/11,"2,809.44"
2011/2/14,"2,817.18"
2011/2/15,"2,804.35"
2011/2/16,"2,825.56"
2011/2/17,"2,831.58"
2011/2/18,"2,833.95"
2011/2/22,"2,756.42"
2011/2/23,"2,722.99"
2011/2/24,"2,737.90"
2011/2/25,"2,781.05"
2011/2/28,"2,782.27"
2011/3/1,"2,737.41"
2011/3/2,"2,748.07"
2011/3/3,"2,798.74"
2011/3/4,"2,784.67"
2011/3/7,"2,745.63"
2011/3/8,"2,765.77"
2011/3/9,"2,751.72"
2011/3/10,"2,701.02"
2011/3/11,"2,715.61"
2011/3/14,"2,700.97"
2011/3/15,"2,667.33"
2011/3/16,"2,616.82"
2011/3/17,"2,636.05"
2011/3/18,"2,643.67"
2011/3/21,"2,692.09"
2011/3/22,"2,683.87"
2011/3/23,"2,698.30"
2011/3/24,"2,736.42"
2011/3/25,"2,743.06"
2011/3/28,"2,730.68"
2011/3/29,"2,756.89"
2011/3/30,"2,776.79"
2011/3/31,"2,781.07"
2011/4/1,"2,789.60"
2011/4/4,"2,789.19"
2011/4/5,"2,791.19"
2011/4/6,"2,799.82"
2011/4/7,"2,796.14"
2011/4/8,"2,780.41"
2011/4/11,"2,771.51"
2011/4/12,"2,744.79"
2011/4/13,"2,761.52"
2011/4/14,"2,760.22"
2011/4/15,"2,764.65"
2011/4/18,"2,735.38"
2011/4/19,"2,744.97"
2011/4/20,"2,802.51"
2011/4/21,"2,820.16"
2011/4/25,"2,825.88"
2011/4/26,"2,847.54"
2011/4/27,"2,869.88"
2011/4/28,"2,872.53"
2011/4/29,"2,873.54"
2011/5/2,"2,864.08"
2011/5/3,"2,841.62"
2011/5/4,"2,828.23"
2011/5/5,"2,814.72"
2011/5/6,"2,827.56"
2011/5/9,"2,843.25"
2011/5/10,"2,871.89"
2011/5/11,"2,845.06"
2011/5/12,"2,863.04"
2011/5/13,"2,828.47"
2011/5/16,"2,782.31"
2011/5/17,"2,783.21"
2011/5/18,"2,815.00"
2011/5/19,"2,823.31"
2011/5/20,"2,803.32"
2011/5/23,"2,758.90"
2011/5/24,"2,746.16"
2011/5/25,"2,761.38"
2011/5/26,"2,782.92"
2011/5/27,"2,796.86"
2011/5/31,"2,835.30"
2011/6/1,"2,769.19"
2011/6/2,"2,773.31"
2011/6/3,"2,732.78"
2011/6/6,"2,702.56"
2011/6/7,"2,701.56"
2011/6/8,"2,675.38"
2011/6/9,"2,684.87"
2011/6/10,"2,643.73"
2011/6/13,"2,639.69"
2011/6/14,"2,678.72"
2011/6/15,"2,631.46"
2011/6/16,"2,623.70"
2011/6/17,"2,616.48"
2011/6/20,"2,629.66"
2011/6/21,"2,687.26"
2011/6/22,"2,669.19"
2011/6/23,"2,686.75"
2011/6/24,"2,652.89"
2011/6/27,"2,688.28"
2011/6/28,"2,729.31"
2011/6/29,"2,740.49"
2011/6/30,"2,773.52"
2011/7/1,"2,816.03"
2011/7/5,"2,825.77"
2011/7/6,"2,834.02"
2011/7/7,"2,872.66"
2011/7/8,"2,859.81"
2011/7/11,"2,802.62"
2011/7/12,"2,781.91"
2011/7/13,"2,796.92"
2011/7/14,"2,762.67"
2011/7/15,"2,789.80"
2011/7/18,"2,765.11"
2011/7/19,"2,826.52"
2011/7/20,"2,814.23"
2011/7/21,"2,834.43"
2011/7/22,"2,858.83"
2011/7/25,"2,842.80"
2011/7/26,"2,839.96"
2011/7/27,"2,764.79"
2011/7/28,"2,766.25"
2011/7/29,"2,756.38"
2011/8/1,"2,744.61"
2011/8/2,"2,669.24"
2011/8/3,"2,693.07"
2011/8/4,"2,556.39"
2011/8/5,"2,532.41"
2011/8/8,"2,357.69"
2011/8/9,"2,482.52"
2011/8/10,"2,381.05"
2011/8/11,"2,492.68"
2011/8/12,"2,507.98"
2011/8/15,"2,555.20"
2011/8/16,"2,523.45"
2011/8/17,"2,511.48"
2011/8/18,"2,380.43"
2011/8/19,"2,341.84"
2011/8/22,"2,345.38"
2011/8/23,"2,446.06"
2011/8/24,"2,467.69"
2011/8/25,"2,419.63"
2011/8/26,"2,479.85"
2011/8/29,"2,562.11"
2011/8/30,"2,576.11"
2011/8/31,"2,579.46"
2011/9/1,"2,546.04"
2011/9/2,"2,480.33"
2011/9/6,"2,473.83"
2011/9/7,"2,548.94"
2011/9/8,"2,529.14"
2011/9/9,"2,467.99"
2011/9/12,"2,495.09"
2011/9/13,"2,532.15"
2011/9/14,"2,572.55"
2011/9/15,"2,607.07"
2011/9/16,"2,622.31"
2011/9/19,"2,612.83"
2011/9/20,"2,590.24"
2011/9/21,"2,538.19"
2011/9/22,"2,455.67"
2011/9/23,"2,483.23"
2011/9/26,"2,516.69"
2011/9/27,"2,546.83"
2011/9/28,"2,491.58"
2011/9/29,"2,480.76"
2011/9/30,"2,415.40"
2011/10/3,"2,335.83"
2011/10/4,"2,404.82"
2011/10/5,"2,460.51"
2011/10/6,"2,506.82"
2011/10/7,"2,479.35"
2011/10/10,"2,566.05"
2011/10/11,"2,583.03"
2011/10/12,"2,604.73"
2011/10/13,"2,620.24"
2011/10/14,"2,667.85"
2011/10/17,"2,614.92"
2011/10/18,"2,657.43"
2011/10/19,"2,604.04"
2011/10/20,"2,598.62"
2011/10/21,"2,637.46"
2011/10/24,"2,699.44"
2011/10/25,"2,638.42"
2011/10/26,"2,650.67"
2011/10/27,"2,738.63"
2011/10/28,"2,737.15"
2011/10/31,"2,684.41"
2011/11/1,"2,606.96"
2011/11/2,"2,639.98"
2011/11/3,"2,697.97"
2011/11/4,"2,686.15"
2011/11/7,"2,695.25"
2011/11/8,"2,727.49"
2011/11/9,"2,621.65"
2011/11/10,"2,625.15"
2011/11/11,"2,678.75"
2011/11/14,"2,657.22"
2011/11/15,"2,686.20"
2011/11/16,"2,639.61"
2011/11/17,"2,587.99"
2011/11/18,"2,572.50"
2011/11/21,"2,523.14"
2011/11/22,"2,521.28"
2011/11/23,"2,460.08"
2011/11/25,"2,441.51"
2011/11/28,"2,527.34"
2011/11/29,"2,515.51"
2011/11/30,"2,620.34"
2011/12/1,"2,626.20"
2011/12/2,"2,626.93"
2011/12/5,"2,655.76"
2011/12/6,"2,649.56"
2011/12/7,"2,649.21"
2011/12/8,"2,596.38"
2011/12/9,"2,646.85"
2011/12/12,"2,612.26"
2011/12/13,"2,579.27"
2011/12/14,"2,539.31"
2011/12/15,"2,541.01"
2011/12/16,"2,555.33"
2011/12/19,"2,523.14"
2011/12/20,"2,603.73"
2011/12/21,"2,577.97"
2011/12/22,"2,599.45"
2011/12/23,"2,618.64"
2011/12/27,"2,625.20"
2011/12/28,"2,589.98"
2011/12/29,"2,613.74"
2011/12/30,"2,605.15"
2012/1/3,"2,648.72"
2012/1/4,"2,648.36"
2012/1/5,"2,669.86"
2012/1/6,"2,674.22"
2012/1/9,"2,676.56"
2012/1/10,"2,702.50"
2012/1/11,"2,710.76"
2012/1/12,"2,724.70"
2012/1/13,"2,710.67"
2012/1/17,"2,728.08"
2012/1/18,"2,769.71"
2012/1/19,"2,788.33"
2012/1/20,"2,786.70"
2012/1/23,"2,784.17"
2012/1/24,"2,786.64"
2012/1/25,"2,818.31"
2012/1/26,"2,805.28"
2012/1/27,"2,816.55"
2012/1/30,"2,811.94"
2012/1/31,"2,813.84"
2012/2/1,"2,848.27"
2012/2/2,"2,859.68"
2012/2/3,"2,905.66"
2012/2/6,"2,901.99"
2012/2/7,"2,904.08"
2012/2/8,"2,915.86"
2012/2/9,"2,927.23"
2012/2/10,"2,903.88"
2012/2/13,"2,931.39"
2012/2/14,"2,931.83"
2012/2/15,"2,915.83"
2012/2/16,"2,959.85"
2012/2/17,"2,951.78"
2012/2/21,"2,948.57"
2012/2/22,"2,933.17"
2012/2/23,"2,956.98"
2012/2/24,"2,963.75"
2012/2/27,"2,966.16"
2012/2/28,"2,986.76"
2012/2/29,"2,966.89"
2012/3/1,"2,988.97"
2012/3/2,"2,976.19"
2012/3/5,"2,950.48"
2012/3/6,"2,910.32"
2012/3/7,"2,935.69"
2012/3/8,"2,970.42"
2012/3/9,"2,988.34"
2012/3/12,"2,983.66"
2012/3/13,"3,039.88"
2012/3/14,"3,040.73"
2012/3/15,"3,056.37"
2012/3/16,"3,055.26"
2012/3/19,"3,078.32"
2012/3/20,"3,074.15"
2012/3/21,"3,075.32"
2012/3/22,"3,063.32"
2012/3/23,"3,067.92"
2012/3/26,"3,122.57"
2012/3/27,"3,120.35"
2012/3/28,"3,104.96"
2012/3/29,"3,095.36"
2012/3/30,"3,091.57"
2012/4/2,"3,119.70"
2012/4/3,"3,113.57"
2012/4/4,"3,068.09"
2012/4/5,"3,080.50"
2012/4/9,"3,047.08"
2012/4/10,"2,991.22"
2012/4/11,"3,016.46"
2012/4/12,"3,055.55"
2012/4/13,"3,011.33"
2012/4/16,"2,988.40"
2012/4/17,"3,042.82"
2012/4/18,"3,031.45"
2012/4/19,"3,007.56"
2012/4/20,"3,000.45"
2012/4/23,"2,970.45"
2012/4/24,"2,961.60"
2012/4/25,"3,029.63"
2012/4/26,"3,050.61"
2012/4/27,"3,069.20"
2012/4/30,"3,046.36"
2012/5/1,"3,050.44"
2012/5/2,"3,059.85"
2012/5/3,"3,024.30"
2012/5/4,"2,956.34"
2012/5/7,"2,957.76"
2012/5/8,"2,946.27"
2012/5/9,"2,934.71"
2012/5/10,"2,933.64"
2012/5/11,"2,933.82"
2012/5/14,"2,902.58"
2012/5/15,"2,893.76"
2012/5/16,"2,874.04"
2012/5/17,"2,813.69"
2012/5/18,"2,778.79"
2012/5/21,"2,847.21"
2012/5/22,"2,839.08"
2012/5/23,"2,850.12"
2012/5/24,"2,839.38"
2012/5/25,"2,837.53"
2012/5/29,"2,870.99"
2012/5/30,"2,837.36"
2012/5/31,"2,827.34"
2012/6/1,"2,747.48"
2012/6/4,"2,760.01"
2012/6/5,"2,778.11"
2012/6/6,"2,844.72"
2012/6/7,"2,831.02"
2012/6/8,"2,858.42"
2012/6/11,"2,809.73"
2012/6/12,"2,843.07"
2012/6/13,"2,818.61"
2012/6/14,"2,836.33"
2012/6/15,"2,872.80"
2012/6/18,"2,895.33"
2012/6/19,"2,929.76"
2012/6/20,"2,930.45"
2012/6/21,"2,859.09"
2012/6/22,"2,892.42"
2012/6/25,"2,836.16"
2012/6/26,"2,854.06"
2012/6/27,"2,875.32"
2012/6/28,"2,849.49"
2012/6/29,"2,935.05"
2012/7/2,"2,951.23"
2012/7/3,"2,976.08"
2012/7/5,"2,976.12"
2012/7/6,"2,937.33"
2012/7/9,"2,931.77"
2012/7/10,"2,902.33"
2012/7/11,"2,887.98"
2012/7/12,"2,866.19"
2012/7/13,"2,908.47"
2012/7/16,"2,896.94"
2012/7/17,"2,910.04"
2012/7/18,"2,942.60"
2012/7/19,"2,965.90"
2012/7/20,"2,925.30"
2012/7/23,"2,890.15"
2012/7/24,"2,862.99"
2012/7/25,"2,854.24"
2012/7/26,"2,893.25"
2012/7/27,"2,958.09"
2012/7/30,"2,945.84"
2012/7/31,"2,939.52"
2012/8/1,"2,920.21"
2012/8/2,"2,909.77"
2012/8/3,"2,967.90"
2012/8/6,"2,989.91"
2012/8/7,"3,015.86"
2012/8/8,"3,011.25"
2012/8/9,"3,018.64"
2012/8/10,"3,020.86"
2012/8/13,"3,022.52"
2012/8/14,"3,016.98"
2012/8/15,"3,030.93"
2012/8/16,"3,062.39"
2012/8/17,"3,076.59"
2012/8/20,"3,076.21"
2012/8/21,"3,067.26"
2012/8/22,"3,073.67"
2012/8/23,"3,053.40"
2012/8/24,"3,069.79"
2012/8/27,"3,073.19"
2012/8/28,"3,077.14"
2012/8/29,"3,081.19"
2012/8/30,"3,048.71"
2012/8/31,"3,066.96"
2012/9/4,"3,075.06"
2012/9/5,"3,069.27"
2012/9/6,"3,135.81"
2012/9/7,"3,136.42"
2012/9/10,"3,104.02"
2012/9/11,"3,104.53"
2012/9/12,"3,114.31"
2012/9/13,"3,155.83"
2012/9/14,"3,183.95"
2012/9/17,"3,178.67"
2012/9/18,"3,177.80"
2012/9/19,"3,182.62"
2012/9/20,"3,175.96"
2012/9/21,"3,179.96"
2012/9/24,"3,160.78"
2012/9/25,"3,117.73"
2012/9/26,"3,093.70"
2012/9/27,"3,136.60"
2012/9/28,"3,116.23"
2012/10/1,"3,113.53"
2012/10/2,"3,120.04"
2012/10/3,"3,135.23"
2012/10/4,"3,149.46"
2012/10/5,"3,136.19"
2012/10/8,"3,112.35"
2012/10/9,"3,065.02"
2012/10/10,"3,051.78"
2012/10/11,"3,049.41"
2012/10/12,"3,044.11"
2012/10/15,"3,064.18"
2012/10/16,"3,101.17"
2012/10/17,"3,104.12"
2012/10/18,"3,072.87"
2012/10/19,"3,005.62"
2012/10/22,"3,016.96"
2012/10/23,"2,990.46"
2012/10/24,"2,981.70"
2012/10/25,"2,986.12"
2012/10/26,"2,987.95"
2012/10/31,"2,977.23"
2012/11/1,"3,020.06"
2012/11/2,"2,982.13"
2012/11/5,"2,999.66"
2012/11/6,"3,011.93"
2012/11/7,"2,937.29"
2012/11/8,"2,895.58"
2012/11/9,"2,904.87"
2012/11/12,"2,904.25"
2012/11/13,"2,883.89"
2012/11/14,"2,846.81"
2012/11/15,"2,836.94"
2012/11/16,"2,853.13"
2012/11/19,"2,916.07"
2012/11/20,"2,916.68"
2012/11/21,"2,926.55"
2012/11/23,"2,966.85"
2012/11/26,"2,976.78"
2012/11/27,"2,967.79"
2012/11/28,"2,991.78"
2012/11/29,"3,012.03"
2012/11/30,"3,010.24"
2012/12/3,"3,002.20"
2012/12/4,"2,996.69"
2012/12/5,"2,973.70"
2012/12/6,"2,989.27"
2012/12/7,"2,978.04"
2012/12/10,"2,986.96"
2012/12/11,"3,022.30"
2012/12/12,"3,013.81"
2012/12/13,"2,992.16"
2012/12/14,"2,971.33"
2012/12/17,"3,010.60"
2012/12/18,"3,054.53"
2012/12/19,"3,044.36"
2012/12/20,"3,050.39"
2012/12/21,"3,021.01"
2012/12/24,"3,012.60"
2012/12/26,"2,990.16"
2012/12/27,"2,985.91"
2012/12/28,"2,960.31"
2012/12/31,"3,019.51"
2013/1/2,"3,112.26"
2013/1/3,"3,100.57"
2013/1/4,"3,101.66"
2013/1/7,"3,098.81"
2013/1/8,"3,091.81"
2013/1/9,"3,105.81"
2013/1/10,"3,121.76"
2013/1/11,"3,125.64"
2013/1/14,"3,117.50"
2013/1/15,"3,110.78"
2013/1/16,"3,117.54"
2013/1/17,"3,136.00"
2013/1/18,"3,134.71"
2013/1/22,"3,143.18"
2013/1/23,"3,153.67"
2013/1/24,"3,130.38"
2013/1/25,"3,149.71"
2013/1/28,"3,154.30"
2013/1/29,"3,153.66"
2013/1/30,"3,142.31"
2013/1/31,"3,142.13"
2013/2/1,"3,179.10"
2013/2/4,"3,131.17"
2013/2/5,"3,171.58"
2013/2/6,"3,168.48"
2013/2/7,"3,165.13"
2013/2/8,"3,193.87"
2013/2/11,"3,192.00"
2013/2/12,"3,186.49"
2013/2/13,"3,196.88"
2013/2/14,"3,198.66"
2013/2/15,"3,192.03"
2013/2/19,"3,213.59"
2013/2/20,"3,164.41"
2013/2/21,"3,131.49"
2013/2/22,"3,161.82"
2013/2/25,"3,116.25"
2013/2/26,"3,129.65"
2013/2/27,"3,162.26"
2013/2/28,"3,160.19"
2013/3/1,"3,169.74"
2013/3/4,"3,182.03"
2013/3/5,"3,224.13"
2013/3/6,"3,222.37"
2013/3/7,"3,232.09"
2013/3/8,"3,244.37"
2013/3/11,"3,252.87"
2013/3/12,"3,242.32"
2013/3/13,"3,245.12"
2013/3/14,"3,258.93"
2013/3/15,"3,249.07"
2013/3/18,"3,237.59"
2013/3/19,"3,229.10"
2013/3/20,"3,254.19"
2013/3/21,"3,222.60"
2013/3/22,"3,245.00"
2013/3/25,"3,235.30"
2013/3/26,"3,252.48"
2013/3/27,"3,256.52"
2013/3/28,"3,267.52"
2013/4/1,"3,239.17"
2013/4/2,"3,254.86"
2013/4/3,"3,218.60"
2013/4/4,"3,224.98"
2013/4/5,"3,203.86"
2013/4/8,"3,222.25"
2013/4/9,"3,237.86"
2013/4/10,"3,297.25"
2013/4/11,"3,300.16"
2013/4/12,"3,294.95"
2013/4/15,"3,216.49"
2013/4/16,"3,264.63"
2013/4/17,"3,204.67"
2013/4/18,"3,166.36"
2013/4/19,"3,206.06"
2013/4/22,"3,233.55"
2013/4/23,"3,269.33"
2013/4/24,"3,269.65"
2013/4/25,"3,289.99"
2013/4/26,"3,279.26"
2013/4/29,"3,307.02"
2013/4/30,"3,328.79"
2013/5/1,"3,299.13"
2013/5/2,"3,340.62"
2013/5/3,"3,378.63"
2013/5/6,"3,392.97"
2013/5/7,"3,396.63"
2013/5/8,"3,413.27"
2013/5/9,"3,409.17"
2013/5/10,"3,436.58"
2013/5/13,"3,438.79"
2013/5/14,"3,462.61"
2013/5/15,"3,471.62"
2013/5/16,"3,465.24"
2013/5/17,"3,498.97"
2013/5/20,"3,496.43"
2013/5/21,"3,502.12"
2013/5/22,"3,463.30"
2013/5/23,"3,459.42"
2013/5/24,"3,459.14"
2013/5/28,"3,488.89"
2013/5/29,"3,467.52"
2013/5/30,"3,491.30"
2013/5/31,"3,455.91"
2013/6/3,"3,465.37"
2013/6/4,"3,445.26"
2013/6/5,"3,401.48"
2013/6/6,"3,424.05"
2013/6/7,"3,469.22"
2013/6/10,"3,473.77"
2013/6/11,"3,436.95"
2013/6/12,"3,400.43"
2013/6/13,"3,445.36"
2013/6/14,"3,423.56"
2013/6/17,"3,452.13"
2013/6/18,"3,482.18"
2013/6/19,"3,443.20"
2013/6/20,"3,364.64"
2013/6/21,"3,357.25"
2013/6/24,"3,320.76"
2013/6/25,"3,347.89"
2013/6/26,"3,376.22"
2013/6/27,"3,401.86"
2013/6/28,"3,403.25"
2013/7/1,"3,434.49"
2013/7/2,"3,433.40"
2013/7/3,"3,443.67"
2013/7/5,"3,479.38"
2013/7/8,"3,484.83"
2013/7/9,"3,504.26"
2013/7/10,"3,520.76"
2013/7/11,"3,578.30"
2013/7/12,"3,600.08"
2013/7/15,"3,607.49"
2013/7/16,"3,598.50"
2013/7/17,"3,610.00"
2013/7/18,"3,611.28"
2013/7/19,"3,587.61"
2013/7/22,"3,600.39"
2013/7/23,"3,579.27"
2013/7/24,"3,579.60"
2013/7/25,"3,605.19"
2013/7/26,"3,613.16"
2013/7/29,"3,599.14"
2013/7/30,"3,616.47"
2013/7/31,"3,626.37"
2013/8/1,"3,675.74"
2013/8/2,"3,689.59"
2013/8/5,"3,692.95"
2013/8/6,"3,665.77"
2013/8/7,"3,654.01"
2013/8/8,"3,669.12"
2013/8/9,"3,660.11"
2013/8/12,"3,669.95"
2013/8/13,"3,684.44"
2013/8/14,"3,669.27"
2013/8/15,"3,606.12"
2013/8/16,"3,602.78"
2013/8/19,"3,589.09"
2013/8/20,"3,613.59"
2013/8/21,"3,599.79"
2013/8/22,"3,638.71"
2013/8/23,"3,657.79"
2013/8/26,"3,657.57"
2013/8/27,"3,578.52"
2013/8/28,"3,593.35"
2013/8/29,"3,620.30"
2013/8/30,"3,589.87"
2013/9/3,"3,612.61"
2013/9/4,"3,649.04"
2013/9/5,"3,658.78"
2013/9/6,"3,660.01"
2013/9/9,"3,706.18"
2013/9/10,"3,729.02"
2013/9/11,"3,725.01"
2013/9/12,"3,715.97"
2013/9/13,"3,722.18"
2013/9/16,"3,717.85"
2013/9/17,"3,745.70"
2013/9/18,"3,783.64"
2013/9/19,"3,789.38"
2013/9/20,"3,774.73"
2013/9/23,"3,765.29"
2013/9/24,"3,768.25"
2013/9/25,"3,761.10"
2013/9/26,"3,787.43"
2013/9/27,"3,781.59"
2013/9/30,"3,771.48"
2013/10/1,"3,817.98"
2013/10/2,"3,815.02"
2013/10/3,"3,774.34"
2013/10/4,"3,807.75"
2013/10/7,"3,770.38"
2013/10/8,"3,694.83"
2013/10/9,"3,677.78"
2013/10/10,"3,760.75"
2013/10/11,"3,791.87"
2013/10/14,"3,815.28"
2013/10/15,"3,794.01"
2013/10/16,"3,839.43"
2013/10/17,"3,863.15"
2013/10/18,"3,914.28"
2013/10/21,"3,920.05"
2013/10/22,"3,929.57"
2013/10/23,"3,907.07"
2013/10/24,"3,928.96"
2013/10/25,"3,943.36"
2013/10/28,"3,940.13"
2013/10/29,"3,952.34"
2013/10/30,"3,930.62"
2013/10/31,"3,919.71"
2013/11/1,"3,922.04"
2013/11/4,"3,936.59"
2013/11/5,"3,939.86"
2013/11/6,"3,931.95"
2013/11/7,"3,857.33"
2013/11/8,"3,919.23"
2013/11/11,"3,919.79"
2013/11/12,"3,919.92"
2013/11/13,"3,965.57"
2013/11/14,"3,972.74"
2013/11/15,"3,985.97"
2013/11/18,"3,949.07"
2013/11/19,"3,931.55"
2013/11/20,"3,921.27"
2013/11/21,"3,969.16"
2013/11/22,"3,991.65"
2013/11/25,"3,994.57"
2013/11/26,"4,017.75"
2013/11/27,"4,044.75"
2013/11/29,"4,059.89"
2013/12/2,"4,045.26"
2013/12/3,"4,037.20"
2013/12/4,"4,038.00"
2013/12/5,"4,033.16"
2013/12/6,"4,062.52"
2013/12/9,"4,068.75"
2013/12/10,"4,060.49"
2013/12/11,"4,003.81"
2013/12/12,"3,998.40"
2013/12/13,"4,000.97"
2013/12/16,"4,029.52"
2013/12/17,"4,023.68"
2013/12/18,"4,070.06"
2013/12/19,"4,058.14"
2013/12/20,"4,104.74"
2013/12/23,"4,148.90"
2013/12/24,"4,155.42"
2013/12/26,"4,167.18"
2013/12/27,"4,156.59"
2013/12/30,"4,154.20"
2013/12/31,"4,176.59"
2014/1/2,"4,143.07"
2014/1/3,"4,131.91"
2014/1/6,"4,113.68"
2014/1/7,"4,153.18"
2014/1/8,"4,165.61"
2014/1/9,"4,156.19"
2014/1/10,"4,174.66"
2014/1/13,"4,113.30"
2014/1/14,"4,183.02"
2014/1/15,"4,214.88"
2014/1/16,"4,218.69"
2014/1/17,"4,197.58"
2014/1/21,"4,225.76"
2014/1/22,"4,243.00"
2014/1/23,"4,218.88"
2014/1/24,"4,128.17"
2014/1/27,"4,083.61"
2014/1/28,"4,097.96"
2014/1/29,"4,051.43"
2014/1/30,"4,123.12"
2014/1/31,"4,103.88"
2014/2/3,"3,996.96"
2014/2/4,"4,031.52"
2014/2/5,"4,011.55"
2014/2/6,"4,057.12"
2014/2/7,"4,125.86"
2014/2/10,"4,148.17"
2014/2/11,"4,191.05"
2014/2/12,"4,201.29"
2014/2/13,"4,240.67"
2014/2/14,"4,244.02"
2014/2/18,"4,272.78"
2014/2/19,"4,237.95"
2014/2/20,"4,267.55"
2014/2/21,"4,263.41"
2014/2/24,"4,292.97"
2014/2/25,"4,287.59"
2014/2/26,"4,292.06"
2014/2/27,"4,318.93"
2014/2/28,"4,308.12"
2014/3/3,"4,277.30"
2014/3/4,"4,351.97"
2014/3/5,"4,357.97"
2014/3/6,"4,352.12"
2014/3/7,"4,336.22"
2014/3/10,"4,334.45"
2014/3/11,"4,307.19"
2014/3/12,"4,323.33"
2014/3/13,"4,260.42"
2014/3/14,"4,245.40"
2014/3/17,"4,279.95"
2014/3/18,"4,333.31"
2014/3/19,"4,307.60"
2014/3/20,"4,319.29"
2014/3/21,"4,276.79"
2014/3/24,"4,226.39"
2014/3/25,"4,234.27"
2014/3/26,"4,173.58"
2014/3/27,"4,151.23"
2014/3/28,"4,155.76"
2014/3/31,"4,198.99"
2014/4/1,"4,268.04"
2014/4/2,"4,276.46"
2014/4/3,"4,237.74"
2014/4/4,"4,127.73"
2014/4/7,"4,079.75"
2014/4/8,"4,112.99"
2014/4/9,"4,183.90"
2014/4/10,"4,054.11"
2014/4/11,"3,999.73"
2014/4/14,"4,022.69"
2014/4/15,"4,034.16"
2014/4/16,"4,086.22"
2014/4/17,"4,095.52"
2014/4/21,"4,121.55"
2014/4/22,"4,161.46"
2014/4/23,"4,126.97"
2014/4/24,"4,148.34"
2014/4/25,"4,075.56"
2014/4/28,"4,074.40"
2014/4/29,"4,103.54"
2014/4/30,"4,114.56"
2014/5/1,"4,127.45"
2014/5/2,"4,123.90"
2014/5/5,"4,138.06"
2014/5/6,"4,080.76"
2014/5/7,"4,067.67"
2014/5/8,"4,051.50"
2014/5/9,"4,071.87"
2014/5/12,"4,143.86"
2014/5/13,"4,130.16"
2014/5/14,"4,100.63"
2014/5/15,"4,069.29"
2014/5/16,"4,090.59"
2014/5/19,"4,125.81"
2014/5/20,"4,096.89"
2014/5/21,"4,131.54"
2014/5/22,"4,154.34"
2014/5/23,"4,185.81"
2014/5/27,"4,237.07"
2014/5/28,"4,225.07"
2014/5/29,"4,247.95"
2014/5/30,"4,242.62"
2014/6/2,"4,237.20"
2014/6/3,"4,234.08"
2014/6/4,"4,251.64"
2014/6/5,"4,296.23"
2014/6/6,"4,321.40"
2014/6/9,"4,336.24"
2014/6/10,"4,338.00"
2014/6/11,"4,331.93"
2014/6/12,"4,297.63"
2014/6/13,"4,310.65"
2014/6/16,"4,321.10"
2014/6/17,"4,337.23"
2014/6/18,"4,362.84"
2014/6/19,"4,359.33"
2014/6/20,"4,368.04"
2014/6/23,"4,368.68"
2014/6/24,"4,350.35"
2014/6/25,"4,379.76"
2014/6/26,"4,379.05"
2014/6/27,"4,397.93"
2014/6/30,"4,408.18"
2014/7/1,"4,458.65"
2014/7/2,"4,457.73"
2014/7/3,"4,485.93"
2014/7/7,"4,451.53"
2014/7/8,"4,391.46"
2014/7/9,"4,419.03"
2014/7/10,"4,396.20"
2014/7/11,"4,415.49"
2014/7/14,"4,440.42"
2014/7/15,"4,416.39"
2014/7/16,"4,425.97"
2014/7/17,"4,363.45"
2014/7/18,"4,432.15"
2014/7/21,"4,424.70"
2014/7/22,"4,456.02"
2014/7/23,"4,473.70"
2014/7/24,"4,472.11"
2014/7/25,"4,449.56"
2014/7/28,"4,444.91"
2014/7/29,"4,442.70"
2014/7/30,"4,462.90"
2014/7/31,"4,369.77"
2014/8/1,"4,352.64"
2014/8/4,"4,383.89"
2014/8/5,"4,352.84"
2014/8/6,"4,355.05"
2014/8/7,"4,334.97"
2014/8/8,"4,370.90"
2014/8/11,"4,401.33"
2014/8/12,"4,389.25"
2014/8/13,"4,434.12"
2014/8/14,"4,453.00"
2014/8/15,"4,464.93"
2014/8/18,"4,508.31"
2014/8/19,"4,527.51"
2014/8/20,"4,526.48"
2014/8/21,"4,532.10"
2014/8/22,"4,538.55"
2014/8/25,"4,557.35"
2014/8/26,"4,570.64"
2014/8/27,"4,569.62"
2014/8/28,"4,557.69"
2014/8/29,"4,580.27"
2014/9/2,"4,598.19"
2014/9/3,"4,572.56"
2014/9/4,"4,562.29"
2014/9/5,"4,582.90"
2014/9/8,"4,592.28"
2014/9/9,"4,552.28"
2014/9/10,"4,586.52"
2014/9/11,"4,591.81"
2014/9/12,"4,567.60"
2014/9/15,"4,518.90"
2014/9/16,"4,552.76"
2014/9/17,"4,562.19"
2014/9/18,"4,593.43"
2014/9/19,"4,579.79"
2014/9/22,"4,527.69"
2014/9/23,"4,508.69"
2014/9/24,"4,555.22"
2014/9/25,"4,466.75"
2014/9/26,"4,512.19"
2014/9/29,"4,505.85"
2014/9/30,"4,493.39"
2014/10/1,"4,422.09"
2014/10/2,"4,430.19"
2014/10/3,"4,475.62"
2014/10/6,"4,454.80"
2014/10/7,"4,385.20"
2014/10/8,"4,468.59"
2014/10/9,"4,378.34"
2014/10/10,"4,276.24"
2014/10/13,"4,213.66"
2014/10/14,"4,227.17"
2014/10/15,"4,215.32"
2014/10/16,"4,217.39"
2014/10/17,"4,258.44"
2014/10/20,"4,316.07"
2014/10/21,"4,419.48"
2014/10/22,"4,382.85"
2014/10/23,"4,452.79"
2014/10/24,"4,483.72"
2014/10/27,"4,485.93"
2014/10/28,"4,564.29"
2014/10/29,"4,549.23"
2014/10/30,"4,566.14"
2014/10/31,"4,630.74"
2014/11/3,"4,638.91"
2014/11/4,"4,623.64"
2014/11/5,"4,620.72"
2014/11/6,"4,638.47"
2014/11/7,"4,632.53"
2014/11/10,"4,651.62"
2014/11/11,"4,660.56"
2014/11/12,"4,675.14"
2014/11/13,"4,680.14"
2014/11/14,"4,688.54"
2014/11/17,"4,671.00"
2014/11/18,"4,702.44"
2014/11/19,"4,675.71"
2014/11/20,"4,701.87"
2014/11/21,"4,712.97"
2014/11/24,"4,754.89"
2014/11/25,"4,758.25"
2014/11/26,"4,787.32"
2014/11/28,"4,791.63"
2014/12/1,"4,727.35"
2014/12/2,"4,755.81"
2014/12/3,"4,774.47"
2014/12/4,"4,769.44"
2014/12/5,"4,780.76"
2014/12/8,"4,740.69"
2014/12/9,"4,766.47"
2014/12/10,"4,684.02"
2014/12/11,"4,708.16"
2014/12/12,"4,653.60"
2014/12/15,"4,605.16"
2014/12/16,"4,547.83"
2014/12/17,"4,644.31"
2014/12/18,"4,748.40"
2014/12/19,"4,765.38"
2014/12/22,"4,781.42"
2014/12/23,"4,765.42"
2014/12/24,"4,773.47"
2014/12/26,"4,806.86"
2014/12/29,"4,806.91"
2014/12/30,"4,777.44"
2014/12/31,"4,736.05"
2015/1/2,"4,726.81"
2015/1/5,"4,652.57"
2015/1/6,"4,592.74"
2015/1/7,"4,650.47"
2015/1/8,"4,736.19"
2015/1/9,"4,704.07"
2015/1/12,"4,664.71"
2015/1/13,"4,661.50"
2015/1/14,"4,639.32"
2015/1/15,"4,570.82"
2015/1/16,"4,634.38"
2015/1/20,"4,654.85"
2015/1/21,"4,667.42"
2015/1/22,"4,750.40"
2015/1/23,"4,757.88"
2015/1/26,"4,771.76"
2015/1/27,"4,681.50"
2015/1/28,"4,637.99"
2015/1/29,"4,683.41"
2015/1/30,"4,635.24"
2015/2/2,"4,676.69"
2015/2/3,"4,727.74"
2015/2/4,"4,716.70"
2015/2/5,"4,765.10"
2015/2/6,"4,744.40"
2015/2/9,"4,726.01"
2015/2/10,"4,787.65"
2015/2/11,"4,801.18"
2015/2/12,"4,857.61"
2015/2/13,"4,893.84"
2015/2/17,"4,899.27"
2015/2/18,"4,906.36"
2015/2/19,"4,924.70"
2015/2/20,"4,955.97"
2015/2/23,"4,960.97"
2015/2/24,"4,968.12"
2015/2/25,"4,967.14"
2015/2/26,"4,987.89"
2015/2/27,"4,963.53"
2015/3/2,"5,008.10"
2015/3/3,"4,979.90"
2015/3/4,"4,967.14"
2015/3/5,"4,982.81"
2015/3/6,"4,927.37"
2015/3/9,"4,942.44"
2015/3/10,"4,859.80"
2015/3/11,"4,849.94"
2015/3/12,"4,893.29"
2015/3/13,"4,871.76"
2015/3/16,"4,929.51"
2015/3/17,"4,937.44"
2015/3/18,"4,982.83"
2015/3/19,"4,992.38"
2015/3/20,"5,026.42"
2015/3/23,"5,010.97"
2015/3/24,"4,994.73"
2015/3/25,"4,876.52"
2015/3/26,"4,863.36"
2015/3/27,"4,891.22"
2015/3/30,"4,947.44"
2015/3/31,"4,900.88"
2015/4/1,"4,880.23"
2015/4/2,"4,886.94"
2015/4/6,"4,917.32"
2015/4/7,"4,910.23"
2015/4/8,"4,950.82"
2015/4/9,"4,974.56"
2015/4/10,"4,995.98"
2015/4/13,"4,988.25"
2015/4/14,"4,977.29"
2015/4/15,"5,011.02"
2015/4/16,"5,007.79"
2015/4/17,"4,931.81"
2015/4/20,"4,994.60"
2015/4/21,"5,014.10"
2015/4/22,"5,035.17"
2015/4/23,"5,056.06"
2015/4/24,"5,092.09"
2015/4/27,"5,060.25"
2015/4/28,"5,055.42"
2015/4/29,"5,023.64"
2015/4/30,"4,941.42"
2015/5/1,"5,005.39"
2015/5/4,"5,016.93"
2015/5/5,"4,939.33"
2015/5/6,"4,919.64"
2015/5/7,"4,945.54"
2015/5/8,"5,003.55"
2015/5/11,"4,993.57"
2015/5/12,"4,976.19"
2015/5/13,"4,981.69"
2015/5/14,"5,050.80"
2015/5/15,"5,048.29"
2015/5/18,"5,078.44"
2015/5/19,"5,070.03"
2015/5/20,"5,071.74"
2015/5/21,"5,090.79"
2015/5/22,"5,089.36"
2015/5/26,"5,032.75"
2015/5/27,"5,106.59"
2015/5/28,"5,097.98"
2015/5/29,"5,070.02"
2015/6/1,"5,082.93"
2015/6/2,"5,076.52"
2015/6/3,"5,099.23"
2015/6/4,"5,059.12"
2015/6/5,"5,068.46"
2015/6/8,"5,021.63"
2015/6/9,"5,013.86"
2015/6/10,"5,076.69"
2015/6/11,"5,082.51"
2015/6/12,"5,051.10"
2015/6/15,"5,029.97"
2015/6/16,"5,055.55"
2015/6/17,"5,064.88"
2015/6/18,"5,132.95"
2015/6/19,"5,117.00"
2015/6/22,"5,153.97"
2015/6/23,"5,160.10"
2015/6/24,"5,122.41"
2015/6/25,"5,112.19"
2015/6/26,"5,080.51"
2015/6/29,"4,958.47"
2015/6/30,"4,986.87"
2015/7/1,"5,013.12"
2015/7/2,"5,009.21"
2015/7/6,"4,991.94"
2015/7/7,"4,997.46"
2015/7/8,"4,909.76"
2015/7/9,"4,922.40"
2015/7/10,"4,997.70"
2015/7/13,"5,071.51"
2015/7/14,"5,104.89"
2015/7/15,"5,098.94"
2015/7/16,"5,163.18"
2015/7/17,"5,210.14"
2015/7/20,"5,218.86"
2015/7/21,"5,208.12"
2015/7/22,"5,171.77"
2015/7/23,"5,146.41"
2015/7/24,"5,088.63"
2015/7/27,"5,039.78"
2015/7/28,"5,089.21"
2015/7/29,"5,111.73"
2015/7/30,"5,128.78"
2015/7/31,"5,128.28"
2015/8/3,"5,115.38"
2015/8/4,"5,105.55"
2015/8/5,"5,139.94"
2015/8/6,"5,056.44"
2015/8/7,"5,043.54"
2015/8/10,"5,101.80"
2015/8/11,"5,036.79"
2015/8/12,"5,044.39"
2015/8/13,"5,033.56"
2015/8/14,"5,048.23"
2015/8/17,"5,091.70"
2015/8/18,"5,059.35"
2015/8/19,"5,019.05"
2015/8/20,"4,877.49"
2015/8/21,"4,706.04"
2015/8/24,"4,526.25"
2015/8/25,"4,506.49"
2015/8/26,"4,697.54"
2015/8/27,"4,812.71"
2015/8/28,"4,828.32"
2015/8/31,"4,776.51"
2015/9/1,"4,636.10"
2015/9/2,"4,749.98"
2015/9/3,"4,733.50"
2015/9/4,"4,683.92"
2015/9/8,"4,811.93"
2015/9/9,"4,756.53"
2015/9/10,"4,796.25"
2015/9/11,"4,822.34"
2015/9/14,"4,805.76"
2015/9/15,"4,860.52"
2015/9/16,"4,889.24"
2015/9/17,"4,893.95"
2015/9/18,"4,827.23"
2015/9/21,"4,828.95"
2015/9/22,"4,756.72"
2015/9/23,"4,752.74"
2015/9/24,"4,734.48"
2015/9/25,"4,686.50"
2015/9/28,"4,543.97"
2015/9/29,"4,517.32"
2015/9/30,"4,620.16"
2015/10/1,"4,627.08"
2015/10/2,"4,707.77"
2015/10/5,"4,781.26"
2015/10/6,"4,748.36"
2015/10/7,"4,791.15"
2015/10/8,"4,810.79"
2015/10/9,"4,830.47"
2015/10/12,"4,838.64"
2015/10/13,"4,796.61"
2015/10/14,"4,782.85"
2015/10/15,"4,870.10"
2015/10/16,"4,886.69"
2015/10/19,"4,905.47"
2015/10/20,"4,880.97"
2015/10/21,"4,840.12"
2015/10/22,"4,920.05"
2015/10/23,"5,031.86"
2015/10/26,"5,034.70"
2015/10/27,"5,030.15"
2015/10/28,"5,095.69"
2015/10/29,"5,074.27"
2015/10/30,"5,053.75"
2015/11/2,"5,127.15"
2015/11/3,"5,145.13"
2015/11/4,"5,142.48"
2015/11/5,"5,127.74"
2015/11/6,"5,147.12"
2015/11/9,"5,095.30"
2015/11/10,"5,083.24"
2015/11/11,"5,067.02"
2015/11/12,"5,005.08"
2015/11/13,"4,927.88"
2015/11/16,"4,984.62"
2015/11/17,"4,986.02"
2015/11/18,"5,075.20"
2015/11/19,"5,073.64"
2015/11/20,"5,104.92"
2015/11/23,"5,102.48"
2015/11/24,"5,102.81"
2015/11/25,"5,116.14"
2015/11/27,"5,127.52"
2015/11/30,"5,108.67"
2015/12/1,"5,156.31"
2015/12/2,"5,123.22"
2015/12/3,"5,037.53"
2015/12/4,"5,142.27"
2015/12/7,"5,101.81"
2015/12/8,"5,098.24"
2015/12/9,"5,022.86"
2015/12/10,"5,045.17"
2015/12/11,"4,933.47"
2015/12/14,"4,952.23"
2015/12/15,"4,995.36"
2015/12/16,"5,071.13"
2015/12/17,"5,002.55"
2015/12/18,"4,923.08"
2015/12/21,"4,968.92"
2015/12/22,"5,001.11"
2015/12/23,"5,045.93"
2015/12/24,"5,048.49"
2015/12/28,"5,040.98"
2015/12/29,"5,107.94"
2015/12/30,"5,065.85"
2015/12/31,"5,007.41"
2016/1/4,"4,903.09"
2016/1/5,"4,891.43"
2016/1/6,"4,835.77"
2016/1/7,"4,689.43"
2016/1/8,"4,643.63"
2016/1/11,"4,637.99"
2016/1/12,"4,685.92"
2016/1/13,"4,526.06"
2016/1/14,"4,615.00"
2016/1/15,"4,488.42"
2016/1/19,"4,476.95"
2016/1/20,"4,471.69"
2016/1/21,"4,472.06"
2016/1/22,"4,591.18"
2016/1/25,"4,518.49"
2016/1/26,"4,567.67"
2016/1/27,"4,468.17"
2016/1/28,"4,506.68"
2016/1/29,"4,613.95"
2016/2/1,"4,620.37"
2016/2/2,"4,516.95"
2016/2/3,"4,504.24"
2016/2/4,"4,509.56"
2016/2/5,"4,363.14"
2016/2/8,"4,283.75"
2016/2/9,"4,268.76"
2016/2/10,"4,283.59"
2016/2/11,"4,266.84"
2016/2/12,"4,337.51"
2016/2/16,"4,435.95"
2016/2/17,"4,534.06"
2016/2/18,"4,487.54"
2016/2/19,"4,504.43"
2016/2/22,"4,570.61"
2016/2/23,"4,503.58"
2016/2/24,"4,542.61"
2016/2/25,"4,582.20"
2016/2/26,"4,590.47"
2016/2/29,"4,557.95"
2016/3/1,"4,689.60"
2016/3/2,"4,703.42"
2016/3/3,"4,707.42"
2016/3/4,"4,717.02"
2016/3/7,"4,708.25"
2016/3/8,"4,648.82"
2016/3/9,"4,674.38"
2016/3/10,"4,662.16"
2016/3/11,"4,748.47"
2016/3/14,"4,750.28"
2016/3/15,"4,728.67"
2016/3/16,"4,763.97"
2016/3/17,"4,774.98"
2016/3/18,"4,795.65"
2016/3/21,"4,808.87"
2016/3/22,"4,821.66"
2016/3/23,"4,768.86"
2016/3/24,"4,773.51"
2016/3/28,"4,766.79"
2016/3/29,"4,846.62"
2016/3/30,"4,869.29"
2016/3/31,"4,869.85"
2016/4/1,"4,914.54"
2016/4/4,"4,891.80"
2016/4/5,"4,843.93"
2016/4/6,"4,920.72"
2016/4/7,"4,848.37"
2016/4/8,"4,850.69"
2016/4/11,"4,833.40"
2016/4/12,"4,872.09"
2016/4/13,"4,947.42"
2016/4/14,"4,945.89"
2016/4/15,"4,938.22"
2016/4/18,"4,960.02"
2016/4/19,"4,940.33"
2016/4/20,"4,948.13"
2016/4/21,"4,945.89"
2016/4/22,"4,906.23"
2016/4/25,"4,895.79"
2016/4/26,"4,888.28"
2016/4/27,"4,863.14"
2016/4/28,"4,805.29"
2016/4/29,"4,775.36"
2016/5/2,"4,817.59"
2016/5/3,"4,763.22"
2016/5/4,"4,725.64"
2016/5/5,"4,717.09"
2016/5/6,"4,736.15"
2016/5/9,"4,750.21"
2016/5/10,"4,809.88"
2016/5/11,"4,760.69"
2016/5/12,"4,737.33"
2016/5/13,"4,717.68"
2016/5/16,"4,775.46"
2016/5/17,"4,715.73"
2016/5/18,"4,739.12"
2016/5/19,"4,712.53"
2016/5/20,"4,769.56"
2016/5/23,"4,765.78"
2016/5/24,"4,861.06"
2016/5/25,"4,894.89"
2016/5/26,"4,901.77"
2016/5/27,"4,933.51"
2016/5/31,"4,948.06"
2016/6/1,"4,952.25"
2016/6/2,"4,971.36"
2016/6/3,"4,942.52"
2016/6/6,"4,968.71"
2016/6/7,"4,961.75"
2016/6/8,"4,974.64"
2016/6/9,"4,958.62"
2016/6/10,"4,894.55"
2016/6/13,"4,848.44"
2016/6/14,"4,843.55"
2016/6/15,"4,834.93"
2016/6/16,"4,844.91"
2016/6/17,"4,800.34"
2016/6/20,"4,837.21"
2016/6/21,"4,843.76"
2016/6/22,"4,833.32"
2016/6/23,"4,910.04"
2016/6/24,"4,707.98"
2016/6/27,"4,594.44"
2016/6/28,"4,691.87"
2016/6/29,"4,779.24"
2016/6/30,"4,842.67"
2016/7/1,"4,862.57"
2016/7/5,"4,822.90"
2016/7/6,"4,859.16"
2016/7/7,"4,876.81"
2016/7/8,"4,956.76"
2016/7/11,"4,988.64"
2016/7/12,"5,022.82"
2016/7/13,"5,005.73"
2016/7/14,"5,034.06"
2016/7/15,"5,029.59"
2016/7/18,"5,055.78"
2016/7/19,"5,036.37"
2016/7/20,"5,089.93"
2016/7/21,"5,073.90"
2016/7/22,"5,100.16"
2016/7/25,"5,097.63"
2016/7/26,"5,110.05"
2016/7/27,"5,139.81"
2016/7/28,"5,154.98"
2016/7/29,"5,162.13"
2016/8/1,"5,184.20"
2016/8/2,"5,137.73"
2016/8/3,"5,159.74"
2016/8/4,"5,166.25"
2016/8/5,"5,221.12"
2016/8/8,"5,213.14"
2016/8/9,"5,225.48"
2016/8/10,"5,204.59"
2016/8/11,"5,228.40"
2016/8/12,"5,232.90"
2016/8/15,"5,262.02"
2016/8/16,"5,227.11"
2016/8/17,"5,228.66"
2016/8/18,"5,240.15"
2016/8/19,"5,238.38"
2016/8/22,"5,244.60"
2016/8/23,"5,260.08"
2016/8/24,"5,217.69"
2016/8/25,"5,212.20"
2016/8/26,"5,218.92"
2016/8/29,"5,232.33"
2016/8/30,"5,222.99"
2016/8/31,"5,213.22"
2016/9/1,"5,227.21"
2016/9/2,"5,249.90"
2016/9/6,"5,275.91"
2016/9/7,"5,283.93"
2016/9/8,"5,259.48"
2016/9/9,"5,125.91"
2016/9/12,"5,211.89"
2016/9/13,"5,155.26"
2016/9/14,"5,173.77"
2016/9/15,"5,249.69"
2016/9/16,"5,244.57"
2016/9/19,"5,235.03"
2016/9/20,"5,241.35"
2016/9/21,"5,295.18"
2016/9/22,"5,339.52"
2016/9/23,"5,305.75"
2016/9/26,"5,257.49"
2016/9/27,"5,305.71"
2016/9/28,"5,318.55"
2016/9/29,"5,269.15"
2016/9/30,"5,312.00"
2016/10/3,"5,300.87"
2016/10/4,"5,289.66"
2016/10/5,"5,316.02"
2016/10/6,"5,306.85"
2016/10/7,"5,292.40"
2016/10/10,"5,328.67"
2016/10/11,"5,246.79"
2016/10/12,"5,239.02"
2016/10/13,"5,213.33"
2016/10/14,"5,214.16"
2016/10/17,"5,199.82"
2016/10/18,"5,243.84"
2016/10/19,"5,246.41"
2016/10/20,"5,241.83"
2016/10/21,"5,257.40"
2016/10/24,"5,309.83"
2016/10/25,"5,283.40"
2016/10/26,"5,250.27"
2016/10/27,"5,215.97"
2016/10/28,"5,190.10"
2016/10/31,"5,189.14"
2016/11/1,"5,153.58"
2016/11/2,"5,105.57"
2016/11/3,"5,058.41"
2016/11/4,"5,046.37"
2016/11/7,"5,166.17"
2016/11/8,"5,193.49"
2016/11/9,"5,251.07"
2016/11/10,"5,208.80"
2016/11/11,"5,237.11"
2016/11/14,"5,218.40"
2016/11/15,"5,275.62"
2016/11/16,"5,294.58"
2016/11/17,"5,333.97"
2016/11/18,"5,321.51"
2016/11/21,"5,368.86"
2016/11/22,"5,386.35"
2016/11/23,"5,380.68"
2016/11/25,"5,398.92"
2016/11/28,"5,368.81"
2016/11/29,"5,379.92"
2016/11/30,"5,323.68"
2016/12/1,"5,251.11"
2016/12/2,"5,255.65"
2016/12/5,"5,308.89"
2016/12/6,"5,333.00"
2016/12/7,"5,393.76"
2016/12/8,"5,417.36"
2016/12/9,"5,444.50"
2016/12/12,"5,412.54"
2016/12/13,"5,463.83"
2016/12/14,"5,436.67"
2016/12/15,"5,456.85"
2016/12/16,"5,437.16"
2016/12/19,"5,457.44"
2016/12/20,"5,483.94"
2016/12/21,"5,471.43"
2016/12/22,"5,447.42"
2016/12/23,"5,462.69"
2016/12/27,"5,487.44"
2016/12/28,"5,438.56"
2016/12/29,"5,432.09"
2016/12/30,"5,383.12"
2017/1/3,"5,429.08"
2017/1/4,"5,477.01"
2017/1/5,"5,487.94"
2017/1/6,"5,521.06"
2017/1/9,"5,531.82"
2017/1/10,"5,551.82"
2017/1/11,"5,563.65"
2017/1/12,"5,547.49"
2017/1/13,"5,574.12"
2017/1/17,"5,538.73"
2017/1/18,"5,555.65"
2017/1/19,"5,540.08"
2017/1/20,"5,555.33"
2017/1/23,"5,552.94"
2017/1/24,"5,600.96"
2017/1/25,"5,656.34"
2017/1/26,"5,655.18"
2017/1/27,"5,660.78"
2017/1/30,"5,613.71"
2017/1/31,"5,614.79"
2017/2/1,"5,642.65"
2017/2/2,"5,636.20"
2017/2/3,"5,666.77"
2017/2/6,"5,663.55"
2017/2/7,"5,674.22"
2017/2/8,"5,682.45"
2017/2/9,"5,715.18"
2017/2/10,"5,734.13"
2017/2/13,"5,763.96"
2017/2/14,"5,782.57"
2017/2/15,"5,819.44"
2017/2/16,"5,814.90"
2017/2/17,"5,838.58"
2017/2/21,"5,865.95"
2017/2/22,"5,860.63"
2017/2/23,"5,835.51"
2017/2/24,"5,845.31"
2017/2/27,"5,861.90"
2017/2/28,"5,825.44"
2017/3/1,"5,904.03"
2017/3/2,"5,861.22"
2017/3/3,"5,870.75"
2017/3/6,"5,849.18"
2017/3/7,"5,833.93"
2017/3/8,"5,837.55"
2017/3/9,"5,838.81"
2017/3/10,"5,861.73"
2017/3/13,"5,875.78"
2017/3/14,"5,856.82"
2017/3/15,"5,900.05"
2017/3/16,"5,900.76"
2017/3/17,"5,901.00"
2017/3/20,"5,901.53"
2017/3/21,"5,793.82"
2017/3/22,"5,821.64"
2017/3/23,"5,817.69"
2017/3/24,"5,828.74"
2017/3/27,"5,840.37"
2017/3/28,"5,875.14"
2017/3/29,"5,897.55"
2017/3/30,"5,914.34"
2017/3/31,"5,911.74"
2017/4/3,"5,894.68"
2017/4/4,"5,898.61"
2017/4/5,"5,864.48"
2017/4/6,"5,878.95"
2017/4/7,"5,877.81"
2017/4/10,"5,880.93"
2017/4/11,"5,866.77"
2017/4/12,"5,836.16"
2017/4/13,"5,805.15"
2017/4/17,"5,856.79"
2017/4/18,"5,849.47"
2017/4/19,"5,863.03"
2017/4/20,"5,916.78"
2017/4/21,"5,910.52"
2017/4/24,"5,983.82"
2017/4/25,"6,025.49"
2017/4/26,"6,025.23"
2017/4/27,"6,048.94"
2017/4/28,"6,047.61"
2017/5/1,"6,091.60"
2017/5/2,"6,095.37"
2017/5/3,"6,072.55"
2017/5/4,"6,075.34"
2017/5/5,"6,100.76"
2017/5/8,"6,102.66"
2017/5/9,"6,120.59"
2017/5/10,"6,129.14"
2017/5/11,"6,115.96"
2017/5/12,"6,121.23"
2017/5/15,"6,149.67"
2017/5/16,"6,169.87"
2017/5/17,"6,011.24"
2017/5/18,"6,055.13"
2017/5/19,"6,083.70"
2017/5/22,"6,133.62"
2017/5/23,"6,138.71"
2017/5/24,"6,163.02"
2017/5/25,"6,205.26"
2017/5/26,"6,210.19"
2017/5/30,"6,203.19"
2017/5/31,"6,198.52"
2017/6/1,"6,246.83"
2017/6/2,"6,305.80"
2017/6/5,"6,295.68"
2017/6/6,"6,275.06"
2017/6/7,"6,297.38"
2017/6/8,"6,321.76"
2017/6/9,"6,207.92"
2017/6/12,"6,175.47"
2017/6/13,"6,220.37"
2017/6/14,"6,194.89"
2017/6/15,"6,165.50"
2017/6/16,"6,151.76"
2017/6/19,"6,239.01"
2017/6/20,"6,188.03"
2017/6/21,"6,233.95"
2017/6/22,"6,236.69"
2017/6/23,"6,265.25"
2017/6/26,"6,247.15"
2017/6/27,"6,146.62"
2017/6/28,"6,234.41"
2017/6/29,"6,144.35"
2017/6/30,"6,140.42"
2017/7/3,"6,110.06"
2017/7/5,"6,150.85"
2017/7/6,"6,089.46"
2017/7/7,"6,153.08"
2017/7/10,"6,176.39"
2017/7/11,"6,193.31"
2017/7/12,"6,261.17"
2017/7/13,"6,274.44"
2017/7/14,"6,312.47"
2017/7/17,"6,314.43"
2017/7/18,"6,344.31"
2017/7/19,"6,385.04"
2017/7/20,"6,390.00"
2017/7/21,"6,387.75"
2017/7/24,"6,410.81"
2017/7/25,"6,412.17"
2017/7/26,"6,422.75"
2017/7/27,"6,382.19"
2017/7/28,"6,374.68"
2017/7/31,"6,348.12"
2017/8/1,"6,362.94"
2017/8/2,"6,362.65"
2017/8/3,"6,340.34"
2017/8/4,"6,351.56"
2017/8/7,"6,383.77"
2017/8/8,"6,370.46"
2017/8/9,"6,352.33"
2017/8/10,"6,216.87"
2017/8/11,"6,256.56"
2017/8/14,"6,340.23"
2017/8/15,"6,333.01"
2017/8/16,"6,345.11"
2017/8/17,"6,221.91"
2017/8/18,"6,216.53"
2017/8/21,"6,213.13"
2017/8/22,"6,297.48"
2017/8/23,"6,278.41"
2017/8/24,"6,271.33"
2017/8/25,"6,265.64"
2017/8/28,"6,283.02"
2017/8/29,"6,301.89"
2017/8/30,"6,368.31"
2017/8/31,"6,428.66"
2017/9/1,"6,435.33"
2017/9/5,"6,375.57"
2017/9/6,"6,393.31"
2017/9/7,"6,397.87"
2017/9/8,"6,360.19"
2017/9/11,"6,432.26"
2017/9/12,"6,454.28"
2017/9/13,"6,460.19"
2017/9/14,"6,429.08"
2017/9/15,"6,448.47"
2017/9/18,"6,454.64"
2017/9/19,"6,461.32"
2017/9/20,"6,456.04"
2017/9/21,"6,422.69"
2017/9/22,"6,426.92"
2017/9/25,"6,370.59"
2017/9/26,"6,380.16"
2017/9/27,"6,453.26"
2017/9/28,"6,453.45"
2017/9/29,"6,495.96"
2017/10/2,"6,516.72"
2017/10/3,"6,531.71"
2017/10/4,"6,534.63"
2017/10/5,"6,585.36"
2017/10/6,"6,590.18"
2017/10/9,"6,579.73"
2017/10/10,"6,587.25"
2017/10/11,"6,603.55"
2017/10/12,"6,591.51"
2017/10/13,"6,605.80"
2017/10/16,"6,624.01"
2017/10/17,"6,623.66"
2017/10/18,"6,624.22"
2017/10/19,"6,605.07"
2017/10/20,"6,629.05"
2017/10/23,"6,586.83"
2017/10/24,"6,598.43"
2017/10/25,"6,563.89"
2017/10/26,"6,556.77"
2017/10/27,"6,701.26"
2017/10/30,"6,698.96"
2017/10/31,"6,727.67"
2017/11/1,"6,716.53"
2017/11/2,"6,714.94"
2017/11/3,"6,764.44"
2017/11/6,"6,786.44"
2017/11/7,"6,767.78"
2017/11/8,"6,789.12"
2017/11/9,"6,750.05"
2017/11/10,"6,750.94"
2017/11/13,"6,757.60"
2017/11/14,"6,737.87"
2017/11/15,"6,706.21"
2017/11/16,"6,793.29"
2017/11/17,"6,782.79"
2017/11/20,"6,790.71"
2017/11/21,"6,862.48"
2017/11/22,"6,867.36"
2017/11/24,"6,889.16"
2017/11/27,"6,878.52"
2017/11/28,"6,912.36"
2017/11/29,"6,824.39"
2017/11/30,"6,873.97"
2017/12/1,"6,847.59"
2017/12/4,"6,775.37"
2017/12/5,"6,762.21"
2017/12/6,"6,776.38"
2017/12/7,"6,812.84"
2017/12/8,"6,840.08"
2017/12/11,"6,875.08"
2017/12/12,"6,862.32"
2017/12/13,"6,875.80"
2017/12/14,"6,856.53"
2017/12/15,"6,936.58"
2017/12/18,"6,994.76"
2017/12/19,"6,963.85"
2017/12/20,"6,960.96"
2017/12/21,"6,965.36"
2017/12/22,"6,959.96"
2017/12/26,"6,936.25"
2017/12/27,"6,939.34"
2017/12/28,"6,950.16"
2017/12/29,"6,903.39"
2018/1/2,"7,006.90"
2018/1/3,"7,065.53"
2018/1/4,"7,077.91"
2018/1/5,"7,136.56"
2018/1/8,"7,157.39"
2018/1/9,"7,163.58"
2018/1/10,"7,153.57"
2018/1/11,"7,211.78"
2018/1/12,"7,261.06"
2018/1/16,"7,223.69"
2018/1/17,"7,298.28"
2018/1/18,"7,296.05"
2018/1/19,"7,336.38"
2018/1/22,"7,408.03"
2018/1/23,"7,460.29"
2018/1/24,"7,415.06"
2018/1/25,"7,411.16"
2018/1/26,"7,505.77"
2018/1/29,"7,466.51"
2018/1/30,"7,402.48"
2018/1/31,"7,411.48"
2018/2/1,"7,385.86"
2018/2/2,"7,240.95"
2018/2/5,"6,967.53"
2018/2/6,"7,115.88"
2018/2/7,"7,051.98"
2018/2/8,"6,777.16"
2018/2/9,"6,874.49"
2018/2/12,"6,981.96"
2018/2/13,"7,013.51"
2018/2/14,"7,143.61"
2018/2/15,"7,256.43"
2018/2/16,"7,239.47"
2018/2/20,"7,234.31"
2018/2/21,"7,218.23"
2018/2/22,"7,210.09"
2018/2/23,"7,337.39"
2018/2/26,"7,421.46"
2018/2/27,"7,330.35"
2018/2/28,"7,273.01"
2018/3/1,"7,180.56"
2018/3/2,"7,257.87"
2018/3/5,"7,330.70"
2018/3/6,"7,372.01"
2018/3/7,"7,396.65"
2018/3/8,"7,427.95"
2018/3/9,"7,560.81"
2018/3/12,"7,588.32"
2018/3/13,"7,511.01"
2018/3/14,"7,496.81"
2018/3/15,"7,481.74"
2018/3/16,"7,481.99"
2018/3/19,"7,344.24"
2018/3/20,"7,364.30"
2018/3/21,"7,345.28"
2018/3/22,"7,166.68"
2018/3/23,"6,992.67"
2018/3/26,"7,220.54"
2018/3/27,"7,008.81"
2018/3/28,"6,949.23"
2018/3/29,"7,063.44"
2018/4/2,"6,870.12"
2018/4/3,"6,941.28"
2018/4/4,"7,042.11"
2018/4/5,"7,076.55"
2018/4/6,"6,915.11"
2018/4/9,"6,950.34"
2018/4/10,"7,094.30"
2018/4/11,"7,069.03"
2018/4/12,"7,140.25"
2018/4/13,"7,106.65"
2018/4/16,"7,156.28"
2018/4/17,"7,281.10"
2018/4/18,"7,295.24"
2018/4/19,"7,238.06"
2018/4/20,"7,146.13"
2018/4/23,"7,128.60"
2018/4/24,"7,007.35"
2018/4/25,"7,003.74"
2018/4/26,"7,118.68"
2018/4/27,"7,119.80"
2018/4/30,"7,066.27"
2018/5/1,"7,130.70"
2018/5/2,"7,100.90"
2018/5/3,"7,088.15"
2018/5/4,"7,209.62"
2018/5/7,"7,265.21"
2018/5/8,"7,266.90"
2018/5/9,"7,339.90"
2018/5/10,"7,404.98"
2018/5/11,"7,402.88"
2018/5/14,"7,411.31"
2018/5/15,"7,351.63"
2018/5/16,"7,398.30"
2018/5/17,"7,382.47"
2018/5/18,"7,354.34"
2018/5/21,"7,394.04"
2018/5/22,"7,378.45"
2018/5/23,"7,425.95"
2018/5/24,"7,424.43"
2018/5/25,"7,433.85"
2018/5/29,"7,396.59"
2018/5/30,"7,462.45"
2018/5/31,"7,442.12"
2018/6/1,"7,554.33"
2018/6/4,"7,606.46"
2018/6/5,"7,637.86"
2018/6/6,"7,689.24"
2018/6/7,"7,635.07"
2018/6/8,"7,645.51"
2018/6/11,"7,659.93"
2018/6/12,"7,703.79"
2018/6/13,"7,695.70"
2018/6/14,"7,761.04"
2018/6/15,"7,746.38"
2018/6/18,"7,747.02"
2018/6/19,"7,725.59"
2018/6/20,"7,781.52"
2018/6/21,"7,712.95"
2018/6/22,"7,692.82"
2018/6/25,"7,532.01"
2018/6/26,"7,561.63"
2018/6/27,"7,445.09"
2018/6/28,"7,503.68"
2018/6/29,"7,510.30"
2018/7/2,"7,567.69"
2018/7/3,"7,502.67"
2018/7/5,"7,586.43"
2018/7/6,"7,688.39"
2018/7/9,"7,756.20"
2018/7/10,"7,759.20"
2018/7/11,"7,716.61"
2018/7/12,"7,823.92"
2018/7/13,"7,825.98"
2018/7/16,"7,805.72"
2018/7/17,"7,855.12"
2018/7/18,"7,854.44"
2018/7/19,"7,825.30"
2018/7/20,"7,820.20"
2018/7/23,"7,841.87"
2018/7/24,"7,840.77"
2018/7/25,"7,932.24"
2018/7/26,"7,852.19"
2018/7/27,"7,737.42"
2018/7/30,"7,630.00"
2018/7/31,"7,671.79"
2018/8/1,"7,707.29"
2018/8/2,"7,802.69"
2018/8/3,"7,812.02"
2018/8/6,"7,859.68"
2018/8/7,"7,883.66"
2018/8/8,"7,888.33"
2018/8/9,"7,891.78"
2018/8/10,"7,839.11"
2018/8/13,"7,819.71"
2018/8/14,"7,870.89"
2018/8/15,"7,774.12"
2018/8/16,"7,806.52"
2018/8/17,"7,816.33"
2018/8/20,"7,821.01"
2018/8/21,"7,859.17"
2018/8/22,"7,889.10"
2018/8/23,"7,878.46"
2018/8/24,"7,945.98"
2018/8/27,"8,017.90"
2018/8/28,"8,030.04"
2018/8/29,"8,109.69"
2018/8/30,"8,088.36"
2018/8/31,"8,109.54"
2018/9/4,"8,091.25"
2018/9/5,"7,995.17"
2018/9/6,"7,922.73"
2018/9/7,"7,902.54"
2018/9/10,"7,924.16"
2018/9/11,"7,972.47"
2018/9/12,"7,954.23"
2018/9/13,"8,013.71"
2018/9/14,"8,010.04"
2018/9/17,"7,895.79"
2018/9/18,"7,956.11"
2018/9/19,"7,950.04"
2018/9/20,"8,028.23"
2018/9/21,"7,986.95"
2018/9/24,"7,993.25"
2018/9/25,"8,007.47"
2018/9/26,"7,990.37"
2018/9/27,"8,041.97"
2018/9/28,"8,046.35"
2018/10/1,"8,037.30"
2018/10/2,"7,999.55"
2018/10/3,"8,025.09"
2018/10/4,"7,879.51"
2018/10/5,"7,788.45"
2018/10/8,"7,735.95"
2018/10/9,"7,738.02"
2018/10/10,"7,422.05"
2018/10/11,"7,329.06"
2018/10/12,"7,496.89"
2018/10/15,"7,430.74"
2018/10/16,"7,645.49"
2018/10/17,"7,642.70"
2018/10/18,"7,485.14"
2018/10/19,"7,449.03"
2018/10/22,"7,468.63"
2018/10/23,"7,437.54"
2018/10/24,"7,108.40"
2018/10/25,"7,318.34"
2018/10/26,"7,167.21"
2018/10/29,"7,050.29"
2018/10/30,"7,161.65"
2018/10/31,"7,305.90"
2018/11/1,"7,434.06"
2018/11/2,"7,356.99"
2018/11/5,"7,328.85"
2018/11/6,"7,375.96"
2018/11/7,"7,570.75"
2018/11/8,"7,530.89"
2018/11/9,"7,406.90"
2018/11/12,"7,200.87"
2018/11/13,"7,200.88"
2018/11/14,"7,136.39"
2018/11/15,"7,259.03"
2018/11/16,"7,247.87"
2018/11/19,"7,028.48"
2018/11/20,"6,908.82"
2018/11/21,"6,972.25"
2018/11/23,"6,938.98"
2018/11/26,"7,081.85"
2018/11/27,"7,082.70"
2018/11/28,"7,291.59"
2018/11/29,"7,273.08"
2018/11/30,"7,330.54"
2018/12/3,"7,441.51"
2018/12/4,"7,158.43"
2018/12/6,"7,188.26"
2018/12/7,"6,969.25"
2018/12/10,"7,020.52"
2018/12/11,"7,031.83"
2018/12/12,"7,098.31"
2018/12/13,"7,070.33"
2018/12/14,"6,910.66"
2018/12/17,"6,753.73"
2018/12/18,"6,783.91"
2018/12/19,"6,636.83"
2018/12/20,"6,528.41"
2018/12/21,"6,332.99"
2018/12/24,"6,192.92"
2018/12/26,"6,554.35"
2018/12/27,"6,579.49"
2018/12/28,"6,584.52"
2018/12/31,"6,635.28"
2019/1/2,"6,665.94"
2019/1/3,"6,463.50"
2019/1/4,"6,738.86"
2019/1/7,"6,823.47"
2019/1/8,"6,897.00"
2019/1/9,"6,957.08"
2019/1/10,"6,986.07"
2019/1/11,"6,971.48"
2019/1/14,"6,905.91"
2019/1/15,"7,023.83"
2019/1/16,"7,034.69"
2019/1/17,"7,084.46"
2019/1/18,"7,157.23"
2019/1/22,"7,020.36"
2019/1/23,"7,025.77"
2019/1/24,"7,073.46"
2019/1/25,"7,164.86"
2019/1/28,"7,085.69"
2019/1/29,"7,028.29"
2019/1/30,"7,183.08"
2019/1/31,"7,281.74"
2019/2/1,"7,263.87"
2019/2/4,"7,347.54"
2019/2/5,"7,402.08"
2019/2/6,"7,375.28"
2019/2/7,"7,288.35"
2019/2/8,"7,298.20"
2019/2/11,"7,307.90"
2019/2/12,"7,414.62"
2019/2/13,"7,420.38"
2019/2/14,"7,426.95"
2019/2/15,"7,472.41"
2019/2/19,"7,486.77"
2019/2/20,"7,489.07"
2019/2/21,"7,459.71"
2019/2/22,"7,527.55"
2019/2/25,"7,554.46"
2019/2/26,"7,549.30"
2019/2/27,"7,554.51"
2019/2/28,"7,532.53"
2019/3/1,"7,595.35"
2019/3/4,"7,577.57"
2019/3/5,"7,576.36"
2019/3/6,"7,505.92"
2019/3/7,"7,421.46"
2019/3/8,"7,408.14"
2019/3/11,"7,558.06"
2019/3/12,"7,591.03"
2019/3/13,"7,643.40"
2019/3/14,"7,630.91"
2019/3/15,"7,688.53"
2019/3/18,"7,714.48"
2019/3/19,"7,723.95"
2019/3/20,"7,728.97"
2019/3/21,"7,838.96"
2019/3/22,"7,642.67"
2019/3/25,"7,637.54"
2019/3/26,"7,691.52"
2019/3/27,"7,643.38"
2019/3/28,"7,669.17"
2019/3/29,"7,729.32"
2019/4/1,"7,828.91"
2019/4/2,"7,848.69"
2019/4/3,"7,895.55"
2019/4/4,"7,891.78"
2019/4/5,"7,938.69"
2019/4/8,"7,953.88"
2019/4/9,"7,909.28"
2019/4/10,"7,964.24"
2019/4/11,"7,947.36"
2019/4/12,"7,984.16"
2019/4/15,"7,976.01"
2019/4/16,"8,000.23"
2019/4/17,"7,996.08"
2019/4/18,"7,998.06"
2019/4/22,"8,015.27"
2019/4/23,"8,120.82"
2019/4/24,"8,102.02"
2019/4/25,"8,118.68"
2019/4/26,"8,146.40"
2019/4/29,"8,161.85"
2019/4/30,"8,095.39"
2019/5/1,"8,049.64"
2019/5/2,"8,036.77"
2019/5/3,"8,164.00"
2019/5/6,"8,123.29"
2019/5/7,"7,963.76"
2019/5/8,"7,943.32"
2019/5/9,"7,910.59"
2019/5/10,"7,916.94"
2019/5/13,"7,647.02"
2019/5/14,"7,734.49"
2019/5/15,"7,822.15"
2019/5/16,"7,898.05"
2019/5/17,"7,816.28"
2019/5/20,"7,702.38"
2019/5/21,"7,785.72"
2019/5/22,"7,750.84"
2019/5/23,"7,628.28"
2019/5/24,"7,637.01"
2019/5/28,"7,607.35"
2019/5/29,"7,547.31"
2019/5/30,"7,567.72"
2019/5/31,"7,453.15"
2019/6/3,"7,333.02"
2019/6/4,"7,527.12"
2019/6/5,"7,575.48"
2019/6/6,"7,615.55"
2019/6/7,"7,742.10"
2019/6/10,"7,823.17"
2019/6/11,"7,822.57"
2019/6/12,"7,792.72"
2019/6/13,"7,837.13"
2019/6/14,"7,796.66"
2019/6/17,"7,845.02"
2019/6/18,"7,953.88"
2019/6/19,"7,987.32"
2019/6/20,"8,051.34"
2019/6/21,"8,031.71"
2019/6/24,"8,005.70"
2019/6/25,"7,884.72"
2019/6/26,"7,909.97"
2019/6/27,"7,967.76"
2019/6/28,"8,006.24"
2019/7/1,"8,091.16"
2019/7/2,"8,109.09"
2019/7/3,"8,170.23"
2019/7/5,"8,161.79"
2019/7/8,"8,098.38"
2019/7/9,"8,141.73"
2019/7/10,"8,202.53"
2019/7/11,"8,196.04"
2019/7/12,"8,244.14"
2019/7/15,"8,258.18"
2019/7/16,"8,222.80"
2019/7/17,"8,185.21"
2019/7/18,"8,207.24"
2019/7/19,"8,146.49"
2019/7/22,"8,204.14"
2019/7/23,"8,251.40"
2019/7/24,"8,321.50"
2019/7/25,"8,238.54"
2019/7/26,"8,330.21"
2019/7/29,"8,293.33"
2019/7/30,"8,273.61"
2019/7/31,"8,175.42"
2019/8/1,"8,111.12"
2019/8/2,"8,004.07"
2019/8/5,"7,726.04"
2019/8/6,"7,833.27"
2019/8/7,"7,862.83"
2019/8/8,"8,039.16"
2019/8/9,"7,959.14"
2019/8/12,"7,863.41"
2019/8/13,"8,016.36"
2019/8/14,"7,773.94"
2019/8/15,"7,766.62"
2019/8/16,"7,895.99"
2019/8/19,"8,002.81"
2019/8/20,"7,948.56"
2019/8/21,"8,020.21"
2019/8/22,"7,991.39"
2019/8/23,"7,751.77"
2019/8/26,"7,853.73"
2019/8/27,"7,826.95"
2019/8/28,"7,856.88"
2019/8/29,"7,973.39"
2019/8/30,"7,962.88"
2019/9/3,"7,874.16"
2019/9/4,"7,976.88"
2019/9/5,"8,116.83"
2019/9/6,"8,103.07"
2019/9/9,"8,087.44"
2019/9/10,"8,084.15"
2019/9/11,"8,169.68"
2019/9/12,"8,194.47"
2019/9/13,"8,176.71"
2019/9/16,"8,153.54"
2019/9/17,"8,186.02"
2019/9/18,"8,177.39"
2019/9/19,"8,182.88"
2019/9/20,"8,117.67"
2019/9/23,"8,112.46"
2019/9/24,"7,993.63"
2019/9/25,"8,077.38"
2019/9/26,"8,030.66"
2019/9/27,"7,939.63"
2019/9/30,"7,999.33"
2019/10/1,"7,908.67"
2019/10/2,"7,785.23"
2019/10/3,"7,872.25"
2019/10/4,"7,982.46"
2019/10/7,"7,956.28"
2019/10/8,"7,823.76"
2019/10/9,"7,903.73"
2019/10/10,"7,950.77"
2019/10/11,"8,057.04"
2019/10/14,"8,048.65"
2019/10/15,"8,148.71"
2019/10/16,"8,124.18"
2019/10/17,"8,156.85"
2019/10/18,"8,089.54"
2019/10/21,"8,162.99"
2019/10/22,"8,104.30"
2019/10/23,"8,119.79"
2019/10/24,"8,185.80"
2019/10/25,"8,243.12"
2019/10/28,"8,325.99"
2019/10/29,"8,276.85"
2019/10/30,"8,303.98"
2019/10/31,"8,292.36"
2019/11/1,"8,386.40"
2019/11/4,"8,433.20"
2019/11/5,"8,434.68"
2019/11/6,"8,410.63"
2019/11/7,"8,434.52"
2019/11/8,"8,475.31"
2019/11/11,"8,464.28"
2019/11/12,"8,486.09"
2019/11/13,"8,482.10"
2019/11/14,"8,479.02"
2019/11/15,"8,540.83"
2019/11/18,"8,549.94"
2019/11/19,"8,570.66"
2019/11/20,"8,526.73"
2019/11/21,"8,506.21"
2019/11/22,"8,519.89"
2019/11/25,"8,632.49"
2019/11/26,"8,647.93"
2019/11/27,"8,705.17"
2019/11/29,"8,665.47"
2019/12/2,"8,567.99"
2019/12/3,"8,520.64"
2019/12/4,"8,566.67"
2019/12/5,"8,570.70"
2019/12/6,"8,656.53"
2019/12/9,"8,621.83"
2019/12/10,"8,616.18"
2019/12/11,"8,654.05"
2019/12/12,"8,717.32"
2019/12/13,"8,734.88"
2019/12/16,"8,814.23"
2019/12/17,"8,823.36"
2019/12/18,"8,827.74"
2019/12/19,"8,887.22"
2019/12/20,"8,924.95"
2019/12/23,"8,945.65"
2019/12/24,"8,952.88"
2019/12/26,"9,022.39"
2019/12/27,"9,006.62"
2019/12/30,"8,945.99"
2019/12/31,"8,972.60"
2020/1/2,"9,092.19"
2020/1/3,"9,020.77"
2020/1/6,"9,071.47"
2020/1/7,"9,068.58"
2020/1/8,"9,129.24"
2020/1/9,"9,203.43"
2020/1/10,"9,178.86"
2020/1/13,"9,273.93"
2020/1/14,"9,251.33"
2020/1/15,"9,258.69"
2020/1/16,"9,357.13"
2020/1/17,"9,388.94"
2020/1/21,"9,370.81"
2020/1/22,"9,383.77"
2020/1/23,"9,402.48"
2020/1/24,"9,314.91"
2020/1/27,"9,139.31"
2020/1/28,"9,269.68"
2020/1/29,"9,275.16"
2020/1/30,"9,298.93"
2020/1/31,"9,150.94"
2020/2/3,"9,273.40"
2020/2/4,"9,467.97"
2020/2/5,"9,508.68"
2020/2/6,"9,572.15"
2020/2/7,"9,520.51"
2020/2/10,"9,628.39"
2020/2/11,"9,638.94"
2020/2/12,"9,725.96"
2020/2/13,"9,711.97"
2020/2/14,"9,731.18"
2020/2/18,"9,732.74"
2020/2/19,"9,817.18"
2020/2/20,"9,750.97"
2020/2/21,"9,576.59"
2020/2/24,"9,221.28"
2020/2/25,"8,965.61"
2020/2/26,"8,980.77"
2020/2/27,"8,566.48"
2020/2/28,"8,567.37"
2020/3/2,"8,952.17"
2020/3/3,"8,684.09"
2020/3/4,"9,018.09"
2020/3/5,"8,738.59"
2020/3/6,"8,575.62"
2020/3/9,"7,950.68"
2020/3/10,"8,344.25"
2020/3/11,"7,952.05"
2020/3/12,"7,201.80"
2020/3/13,"7,874.88"
2020/3/16,"6,904.59"
2020/3/17,"7,334.78"
2020/3/18,"6,989.84"
2020/3/19,"7,150.58"
2020/3/20,"6,879.52"
2020/3/23,"6,860.67"
2020/3/24,"7,417.86"
2020/3/25,"7,384.30"
2020/3/26,"7,797.54"
2020/3/27,"7,502.38"
2020/3/30,"7,774.15"
2020/3/31,"7,700.10"
2020/4/1,"7,360.58"
2020/4/2,"7,487.31"
2020/4/3,"7,373.08"
2020/4/6,"7,913.24"
2020/4/7,"7,887.26"
2020/4/8,"8,090.90"
2020/4/9,"8,153.57"
2020/4/13,"8,192.42"
2020/4/14,"8,515.74"
2020/4/15,"8,393.18"
2020/4/16,"8,532.36"
2020/4/17,"8,650.14"
2020/4/20,"8,560.73"
2020/4/21,"8,263.23"
2020/4/22,"8,495.38"
2020/4/23,"8,494.75"
2020/4/24,"8,634.52"
2020/4/27,"8,730.16"
2020/4/28,"8,607.73"
2020/4/29,"8,914.71"
2020/4/30,"8,889.55"
2020/5/1,"8,604.95"
2020/5/4,"8,710.72"
2020/5/5,"8,809.12"
2020/5/6,"8,854.39"
2020/5/7,"8,979.66"
2020/5/8,"9,121.32"
2020/5/11,"9,192.34"
2020/5/12,"9,002.55"
2020/5/13,"8,863.17"
2020/5/14,"8,943.72"
2020/5/15,"9,014.56"
2020/5/18,"9,234.83"
2020/5/19,"9,185.10"
2020/5/20,"9,375.78"
2020/5/21,"9,284.88"
2020/5/22,"9,324.59"
2020/5/26,"9,340.22"
2020/5/27,"9,412.36"
2020/5/28,"9,368.99"
2020/5/29,"9,489.87"
2020/6/1,"9,552.05"
2020/6/2,"9,608.38"
2020/6/3,"9,682.91"
2020/6/4,"9,615.81"
2020/6/5,"9,814.08"
2020/6/8,"9,924.75"
2020/6/9,"9,953.75"
2020/6/10,"10,020.35"
2020/6/11,"9,492.73"
2020/6/12,"9,588.81"
2020/6/15,"9,726.02"
2020/6/16,"9,895.87"
2020/6/17,"9,910.53"
2020/6/18,"9,943.05"
2020/6/19,"9,946.12"
2020/6/22,"10,056.47"
2020/6/23,"10,131.37"
2020/6/24,"9,909.17"
2020/6/25,"10,017.00"
2020/6/26,"9,757.22"
2020/6/29,"9,874.15"
2020/6/30,"10,058.76"
2020/7/1,"10,154.63"
2020/7/2,"10,207.63"
2020/7/6,"10,433.65"
2020/7/7,"10,343.89"
2020/7/8,"10,492.50"
2020/7/9,"10,547.75"
2020/7/10,"10,617.44"
2020/7/13,"10,390.84"
2020/7/14,"10,488.58"
2020/7/15,"10,550.49"
2020/7/16,"10,473.83"
2020/7/17,"10,503.19"
2020/7/20,"10,767.09"
2020/7/21,"10,680.36"
2020/7/22,"10,706.13"
2020/7/23,"10,461.42"
2020/7/24,"10,363.18"
2020/7/27,"10,536.27"
2020/7/28,"10,402.09"
2020/7/29,"10,542.94"
2020/7/30,"10,587.81"
2020/7/31,"10,745.28"
2020/8/3,"10,902.80"
2020/8/4,"10,941.17"
2020/8/5,"10,998.40"
2020/8/6,"11,108.07"
2020/8/7,"11,010.98"
2020/8/10,"10,968.36"
2020/8/11,"10,782.82"
2020/8/12,"11,012.24"
2020/8/13,"11,042.50"
2020/8/14,"11,019.30"
2020/8/17,"11,129.72"
2020/8/18,"11,210.84"
2020/8/19,"11,146.46"
2020/8/20,"11,264.95"
2020/8/21,"11,311.80"
2020/8/24,"11,379.72"
2020/8/25,"11,466.47"
2020/8/26,"11,665.06"
2020/8/27,"11,625.34"
2020/8/28,"11,695.63"
2020/8/31,"11,775.46"
2020/9/1,"11,939.67"
2020/9/2,"12,056.44"
2020/9/3,"11,458.10"
2020/9/4,"11,313.13"
2020/9/8,"10,847.69"
2020/9/9,"11,141.56"
2020/9/10,"10,919.59"
2020/9/11,"10,853.54"
2020/9/14,"11,056.65"
2020/9/15,"11,190.32"
2020/9/16,"11,050.47"
2020/9/17,"10,910.28"
2020/9/18,"10,793.28"
2020/9/21,"10,778.94"
2020/9/22,"10,963.77"
2020/9/23,"10,633.15"
2020/9/24,"10,672.43"
2020/9/25,"10,913.73"
2020/9/28,"11,117.70"
2020/9/29,"11,085.42"
2020/9/30,"11,167.68"
2020/10/1,"11,326.61"
2020/10/2,"11,075.11"
2020/10/5,"11,332.58"
2020/10/6,"11,154.70"
2020/10/7,"11,364.70"
2020/10/8,"11,421.08"
2020/10/9,"11,580.04"
2020/10/12,"11,876.36"
2020/10/13,"11,864.00"
2020/10/14,"11,768.83"
2020/10/15,"11,713.97"
2020/10/16,"11,671.66"
2020/10/19,"11,478.98"
2020/10/20,"11,516.49"
2020/10/21,"11,484.69"
2020/10/22,"11,506.01"
2020/10/23,"11,548.28"
2020/10/26,"11,358.94"
2020/10/27,"11,431.35"
2020/10/28,"11,004.87"
2020/10/29,"11,185.59"
2020/10/30,"10,911.59"
2020/11/2,"10,957.61"
2020/11/3,"11,160.57"
2020/11/4,"11,590.78"
2020/11/5,"11,890.93"
2020/11/6,"11,895.23"
2020/11/9,"11,713.78"
2020/11/10,"11,553.86"
2020/11/11,"11,786.43"
2020/11/12,"11,709.59"
2020/11/13,"11,829.29"
2020/11/16,"11,924.13"
2020/11/17,"11,899.34"
2020/11/18,"11,801.60"
2020/11/19,"11,904.71"
2020/11/20,"11,854.97"
2020/11/23,"11,880.63"
2020/11/24,"12,037.33"
2020/11/25,"12,094.40"
2020/11/27,"12,205.85"
2020/11/30,"12,198.74"
2020/12/1,"12,355.11"
2020/12/2,"12,349.37"
2020/12/3,"12,377.18"
2020/12/4,"12,464.23"
2020/12/7,"12,519.95"
2020/12/8,"12,582.77"
2020/12/9,"12,338.95"
2020/12/10,"12,405.81"
2020/12/11,"12,377.87"
2020/12/14,"12,440.04"
2020/12/15,"12,595.06"
2020/12/16,"12,658.19"
2020/12/17,"12,764.75"
2020/12/18,"12,755.64"
2020/12/21,"12,742.52"
2020/12/22,"12,807.92"
2020/12/23,"12,771.11"
2020/12/24,"12,804.73"
2020/12/28,"12,899.42"
2020/12/29,"12,850.22"
2020/12/30,"12,870.00"
2020/12/31,"12,888.28"
2021/1/4,"12,698.45"
2021/1/5,"12,818.96"
2021/1/6,"12,740.79"
2021/1/7,"13,067.48"
2021/1/8,"13,201.97"
2021/1/11,"13,036.43"
2021/1/12,"13,072.43"
2021/1/13,"13,128.95"
2021/1/14,"13,112.64"
2021/1/15,"12,998.50"
2021/1/19,"13,197.18"
2021/1/20,"13,457.25"
2021/1/21,"13,530.92"
2021/1/22,"13,543.06"
2021/1/25,"13,635.99"
2021/1/26,"13,626.07"
2021/1/27,"13,270.60"
2021/1/28,"13,337.16"
2021/1/29,"13,070.70"
2021/2/1,"13,403.39"
2021/2/2,"13,612.78"
2021/2/3,"13,610.54"
2021/2/4,"13,777.74"
2021/2/5,"13,856.30"
2021/2/8,"13,987.64"
2021/2/9,"14,007.70"
2021/2/10,"13,972.53"
2021/2/11,"14,025.77"
2021/2/12,"14,095.47"
2021/2/16,"14,047.50"
2021/2/17,"13,965.50"
2021/2/18,"13,865.36"
2021/2/19,"13,874.47"
2021/2/22,"13,533.05"
2021/2/23,"13,465.20"
2021/2/24,"13,597.97"
2021/2/25,"13,119.43"
2021/2/26,"13,192.35"
2021/3/1,"13,588.83"
2021/3/2,"13,358.79"
2021/3/3,"12,997.75"
2021/3/4,"12,723.47"
2021/3/5,"12,920.15"
2021/3/8,"12,609.16"
2021/3/9,"13,073.82"
2021/3/10,"13,068.83"
2021/3/11,"13,398.67"
2021/3/12,"13,319.86"
2021/3/15,"13,459.71"
2021/3/16,"13,471.57"
2021/3/17,"13,525.20"
2021/3/18,"13,116.17"
2021/3/19,"13,215.24"
2021/3/22,"13,377.54"
2021/3/23,"13,227.70"
2021/3/24,"12,961.89"
2021/3/25,"12,977.68"
2021/3/26,"13,138.72"
2021/3/29,"13,059.65"
2021/3/30,"13,045.39"
2021/3/31,"13,246.87"
2021/4/1,"13,480.11"
2021/4/5,"13,705.59"
2021/4/6,"13,698.38"
2021/4/7,"13,688.84"
2021/4/8,"13,829.31"
2021/4/9,"13,900.19"
2021/4/12,"13,850.00"
2021/4/13,"13,996.10"
2021/4/14,"13,857.84"
2021/4/15,"14,038.76"
2021/4/16,"14,052.34"
2021/4/19,"13,914.77"
2021/4/20,"13,786.27"
2021/4/21,"13,950.22"
2021/4/22,"13,818.41"
2021/4/23,"14,016.81"
2021/4/26,"14,138.78"
2021/4/27,"14,090.22"
2021/4/28,"14,051.03"
2021/4/29,"14,082.55"
2021/4/30,"13,962.68"
2021/5/3,"13,895.12"
2021/5/4,"13,633.50"
2021/5/5,"13,582.42"
2021/5/6,"13,632.84"
2021/5/7,"13,752.24"
2021/5/10,"13,401.86"
2021/5/11,"13,389.43"
2021/5/12,"13,031.68"
2021/5/13,"13,124.99"
2021/5/14,"13,429.98"
2021/5/17,"13,379.05"
2021/5/18,"13,303.64"
2021/5/19,"13,299.74"
2021/5/20,"13,535.74"
2021/5/21,"13,470.99"
2021/5/24,"13,661.17"
2021/5/25,"13,657.17"
2021/5/26,"13,738.00"
2021/5/27,"13,736.28"
2021/5/28,"13,748.74"
2021/6/1,"13,736.48"
2021/6/2,"13,756.33"
2021/6/3,"13,614.51"
2021/6/4,"13,814.49"
2021/6/7,"13,881.72"
2021/6/8,"13,924.91"
2021/6/9,"13,911.75"
2021/6/10,"14,020.33"
2021/6/11,"14,069.42"
2021/6/14,"14,174.14"
2021/6/15,"14,072.86"
2021/6/16,"14,039.68"
2021/6/17,"14,161.35"
2021/6/18,"14,030.38"
2021/6/21,"14,141.48"
2021/6/22,"14,253.27"
2021/6/23,"14,271.73"
2021/6/24,"14,369.71"
2021/6/25,"14,360.39"
2021/6/28,"14,500.51"
2021/6/29,"14,528.33"
2021/6/30,"14,503.95"
2021/7/1,"14,522.38"
2021/7/2,"14,639.33"
2021/7/6,"14,663.64"
2021/7/7,"14,665.06"
2021/7/8,"14,559.79"
2021/7/9,"14,701.92"
2021/7/12,"14,733.24"
2021/7/13,"14,677.65"
2021/7/14,"14,644.95"
2021/7/15,"14,543.13"
2021/7/16,"14,427.24"
2021/7/19,"14,274.98"
2021/7/20,"14,498.88"
2021/7/21,"14,631.95"
2021/7/22,"14,684.60"
2021/7/23,"14,836.99"
2021/7/26,"14,840.71"
2021/7/27,"14,660.58"
2021/7/28,"14,762.58"
2021/7/29,"14,778.26"
2021/7/30,"14,672.68"
2021/8/2,"14,681.07"
2021/8/3,"14,761.29"
2021/8/4,"14,780.53"
2021/8/5,"14,895.12"
2021/8/6,"14,835.76"
2021/8/9,"14,860.18"
2021/8/10,"14,788.09"
2021/8/11,"14,765.13"
2021/8/12,"14,816.26"
2021/8/13,"14,822.90"
2021/8/16,"14,793.76"
2021/8/17,"14,656.18"
2021/8/18,"14,525.91"
2021/8/19,"14,541.79"
2021/8/20,"14,714.66"
2021/8/23,"14,942.65"
2021/8/24,"15,019.80"
2021/8/25,"15,041.86"
2021/8/26,"14,945.81"
2021/8/27,"15,129.50"
2021/8/30,"15,265.89"
2021/8/31,"15,259.24"
2021/9/1,"15,309.38"
2021/9/2,"15,331.18"
2021/9/3,"15,363.52"
2021/9/7,"15,374.33"
2021/9/8,"15,286.64"
2021/9/9,"15,248.25"
2021/9/10,"15,115.49"
2021/9/13,"15,105.58"
2021/9/14,"15,037.76"
2021/9/15,"15,161.53"
2021/9/16,"15,181.92"
2021/9/17,"15,043.97"
2021/9/20,"14,713.90"
2021/9/21,"14,746.40"
2021/9/22,"14,896.85"
2021/9/23,"15,052.24"
2021/9/24,"15,047.70"
2021/9/27,"14,969.97"
2021/9/28,"14,546.68"
2021/9/29,"14,512.44"
2021/9/30,"14,448.58"
2021/10/1,"14,566.70"
2021/10/4,"14,255.49"
2021/10/5,"14,433.83"
2021/10/6,"14,501.91"
2021/10/7,"14,654.02"
2021/10/8,"14,579.54"
2021/10/11,"14,486.20"
2021/10/12,"14,465.92"
2021/10/13,"14,571.63"
2021/10/14,"14,823.43"
2021/10/15,"14,897.34"
2021/10/18,"15,021.81"
2021/10/19,"15,129.09"
2021/10/20,"15,121.68"
2021/10/21,"15,215.70"
2021/10/22,"15,090.20"
2021/10/25,"15,226.71"
2021/10/26,"15,235.71"
2021/10/27,"15,235.84"
2021/10/28,"15,448.12"
2021/10/29,"15,498.39"
2021/11/1,"15,595.92"
2021/11/2,"15,649.60"
2021/11/3,"15,811.58"
2021/11/4,"15,940.31"
2021/11/5,"15,971.59"
2021/11/8,"15,982.36"
2021/11/9,"15,886.54"
2021/11/10,"15,622.71"
2021/11/11,"15,704.28"
2021/11/12,"15,860.96"
2021/11/15,"15,853.85"
2021/11/16,"15,973.86"
2021/11/17,"15,921.57"
2021/11/18,"15,993.71"
2021/11/19,"16,057.44"
2021/11/22,"15,854.76"
2021/11/23,"15,775.14"
2021/11/24,"15,845.23"
2021/11/26,"15,491.66"
2021/11/29,"15,782.83"
2021/11/30,"15,537.69"
2021/12/1,"15,254.05"
2021/12/2,"15,381.32"
2021/12/3,"15,085.47"
2021/12/6,"15,225.15"
2021/12/7,"15,686.92"
2021/12/8,"15,786.99"
2021/12/9,"15,517.37"
2021/12/10,"15,630.60"
2021/12/13,"15,413.28"
2021/12/14,"15,237.64"
2021/12/15,"15,565.58"
2021/12/16,"15,180.43"
2021/12/17,"15,169.68"
2021/12/20,"14,980.94"
2021/12/21,"15,341.09"
2021/12/22,"15,521.89"
2021/12/23,"15,653.37"
2021/12/27,"15,871.26"
2021/12/28,"15,781.72"
2021/12/29,"15,766.22"
2021/12/30,"15,741.56"
2021/12/31,"15,644.97"
2022/1/3,"15,832.80"
2022/1/4,"15,622.72"
2022/1/5,"15,100.17"
2022/1/6,"15,080.87"
2022/1/7,"14,935.90"
2022/1/10,"14,942.83"
2022/1/11,"15,153.45"
2022/1/12,"15,188.39"
2022/1/13,"14,806.81"
2022/1/14,"14,893.75"
2022/1/18,"14,506.90"
2022/1/19,"14,340.25"
2022/1/20,"14,154.02"
2022/1/21,"13,768.92"
2022/1/24,"13,855.13"
2022/1/25,"13,539.29"
2022/1/26,"13,542.12"
2022/1/27,"13,352.78"
2022/1/28,"13,770.57"
2022/1/31,"14,239.88"
2022/2/1,"14,346.00"
2022/2/2,"14,417.55"
2022/2/3,"13,878.82"
2022/2/4,"14,098.01"
2022/2/7,"14,015.67"
2022/2/8,"14,194.46"
2022/2/9,"14,490.37"
2022/2/10,"14,185.64"
2022/2/11,"13,791.15"
2022/2/14,"13,790.92"
2022/2/15,"14,139.76"
2022/2/16,"14,124.09"
2022/2/17,"13,716.72"
2022/2/18,"13,548.07"
2022/2/22,"13,381.52"
2022/2/23,"13,037.49"
2022/2/24,"13,473.58"
2022/2/25,"13,694.62"
2022/2/28,"13,751.40"
2022/3/1,"13,532.46"
2022/3/2,"13,752.02"
2022/3/3,"13,537.94"
2022/3/4,"13,313.44"
2022/3/7,"12,830.96"
2022/3/8,"12,795.55"
2022/3/9,"13,255.55"
2022/3/10,"13,129.96"
2022/3/11,"12,843.81"
2022/3/14,"12,581.22"
2022/3/15,"12,948.62"
2022/3/16,"13,436.55"
2022/3/17,"13,614.78"
2022/3/18,"13,893.84"
2022/3/21,"13,838.46"
2022/3/22,"14,108.82"
2022/3/23,"13,922.60"
2022/3/24,"14,191.84"
2022/3/25,"14,169.30"
2022/3/28,"14,354.90"
2022/3/29,"14,619.64"
2022/3/30,"14,442.28"
2022/3/31,"14,220.52"
2022/4/1,"14,261.50"
2022/4/4,"14,532.55"
2022/4/5,"14,204.17"
2022/4/6,"13,888.82"
2022/4/7,"13,897.30"
2022/4/8,"13,711.00"
2022/4/11,"13,411.96"
2022/4/12,"13,371.57"
2022/4/13,"13,643.59"
2022/4/14,"13,351.08"
2022/4/18,"13,332.36"
2022/4/19,"13,619.66"
2022/4/20,"13,453.07"
2022/4/21,"13,174.65"
2022/4/22,"12,839.29"
2022/4/25,"13,004.85"
2022/4/26,"12,490.74"
2022/4/27,"12,488.93"
2022/4/28,"12,871.53"
2022/4/29,"12,334.64"
2022/5/2,"12,536.02"
2022/5/3,"12,563.76"
2022/5/4,"12,964.86"
2022/5/5,"12,317.69"
2022/5/6,"12,144.66"
2022/5/9,"11,623.25"
2022/5/10,"11,737.67"
2022/5/11,"11,364.24"
2022/5/12,"11,370.96"
2022/5/13,"11,805.00"
2022/5/16,"11,662.79"
2022/5/17,"11,984.52"
2022/5/18,"11,418.15"
2022/5/19,"11,388.50"
2022/5/20,"11,354.62"
2022/5/23,"11,535.28"
2022/5/24,"11,264.45"
2022/5/25,"11,434.74"
2022/5/26,"11,740.65"
2022/5/27,"12,131.13"
2022/5/31,"12,081.39"
2022/6/1,"11,994.46"
2022/6/2,"12,316.90"
2022/6/3,"12,012.73"
2022/6/6,"12,061.37"
2022/6/7,"12,175.23"
2022/6/8,"12,086.27"
2022/6/9,"11,754.23"
2022/6/10,"11,340.02"
2022/6/13,"10,809.22"
2022/6/14,"10,828.34"
2022/6/15,"11,099.16"
2022/6/16,"10,646.10"
2022/6/17,"10,798.35"
2022/6/21,"11,069.30"
2022/6/22,"11,053.08"
2022/6/23,"11,232.19"
2022/6/24,"11,607.62"
2022/6/27,"11,524.55"
2022/6/28,"11,181.54"
2022/6/29,"11,177.89"
2022/6/30,"11,028.74"
2022/7/1,"11,127.84"
2022/7/5,"11,322.24"
2022/7/6,"11,361.85"
2022/7/7,"11,621.35"
2022/7/8,"11,635.31"
2022/7/11,"11,372.60"
2022/7/12,"11,264.73"
2022/7/13,"11,247.58"
2022/7/14,"11,251.18"
2022/7/15,"11,452.42"
2022/7/18,"11,360.05"
2022/7/19,"11,713.15"
2022/7/20,"11,897.65"
2022/7/21,"12,059.61"
2022/7/22,"11,834.11"
2022/7/25,"11,782.67"
2022/7/26,"11,562.58"
2022/7/27,"12,032.42"
2022/7/28,"12,162.59"
2022/7/29,"12,390.69"
2022/8/1,"12,368.98"
2022/8/2,"12,348.76"
2022/8/3,"12,668.16"
2022/8/4,"12,720.58"
2022/8/5,"12,657.55"
2022/8/8,"12,644.46"
2022/8/9,"12,493.93"
2022/8/10,"12,854.80"
2022/8/11,"12,779.91"
2022/8/12,"13,047.19"
2022/8/15,"13,128.05"
2022/8/16,"13,102.55"
2022/8/17,"12,938.12"
2022/8/18,"12,965.34"
2022/8/19,"12,705.21"
2022/8/22,"12,381.57"
2022/8/23,"12,381.30"
2022/8/24,"12,431.53"
2022/8/25,"12,639.26"
2022/8/26,"12,141.71"
2022/8/29,"12,017.67"
2022/8/30,"11,883.14"
2022/8/31,"11,816.20"
2022/9/1,"11,785.13"
2022/9/2,"11,630.86"
2022/9/6,"11,544.91"
2022/9/7,"11,791.90"
2022/9/8,"11,862.13"
2022/9/9,"12,112.31"
2022/9/12,"12,266.41"
2022/9/13,"11,633.57"
2022/9/14,"11,719.68"
2022/9/15,"11,552.36"
2022/9/16,"11,448.40"
2022/9/19,"11,535.02"
2022/9/20,"11,425.05"
2022/9/21,"11,220.19"
2022/9/22,"11,066.80"
2022/9/23,"10,867.93"
2022/9/26,"10,802.92"
2022/9/27,"10,829.50"
2022/9/28,"11,051.64"
2022/9/29,"10,737.51"
2022/9/30,"10,575.62"
2022/10/3,"10,815.43"
2022/10/4,"11,176.41"
2022/10/5,"11,148.64"
2022/10/6,"11,073.31"
2022/10/7,"10,652.41"
2022/10/10,"10,542.10"
2022/10/11,"10,426.19"
2022/10/12,"10,417.10"
2022/10/13,"10,649.15"
2022/10/14,"10,321.39"
2022/10/17,"10,675.80"
2022/10/18,"10,772.40"
2022/10/19,"10,680.51"
2022/10/20,"10,614.84"
2022/10/21,"10,859.72"
2022/10/24,"10,952.61"
2022/10/25,"11,199.12"
2022/10/26,"10,970.99"
2022/10/27,"10,792.67"
2022/10/28,"11,102.45"
2022/10/31,"10,988.15"
2022/11/1,"10,890.84"
2022/11/2,"10,524.80"
2022/11/3,"10,342.94"
2022/11/4,"10,475.25"
2022/11/7,"10,564.52"
2022/11/8,"10,616.20"
2022/11/9,"10,353.17"
2022/11/10,"11,114.15"
2022/11/11,"11,323.33"
2022/11/14,"11,196.22"
2022/11/15,"11,358.41"
2022/11/16,"11,183.66"
2022/11/17,"11,144.96"
2022/11/18,"11,146.06"
2022/11/21,"11,024.51"
2022/11/22,"11,174.41"
2022/11/23,"11,285.32"
2022/11/25,"11,226.36"
2022/11/28,"11,049.50"
2022/11/29,"10,983.78"
2022/11/30,"11,468.00"
2022/12/1,"11,482.45"
2022/12/2,"11,461.50"
2022/12/5,"11,239.94"
2022/12/6,"11,014.89"
2022/12/7,"10,958.55"
2022/12/8,"11,082.00"
2022/12/9,"11,004.62"
2022/12/12,"11,143.74"
2022/12/13,"11,256.81"
2022/12/14,"11,170.89"
2022/12/15,"10,810.53"
2022/12/16,"10,705.41"
2022/12/19,"10,546.03"
2022/12/20,"10,547.11"
2022/12/21,"10,709.37"
2022/12/22,"10,476.12"
2022/12/23,"10,497.86"
2022/12/27,"10,353.23"